time,Tpcm
259200.0,290.34999999999997
259260.0,290.3483491674253
259320.0,290.3472468212748
259380.0,290.34616060679457
259440.0,290.34508039628093
259500.0,290.34345498144853
259560.0,290.3423750267466
259620.0,290.3407767554539
259680.0,290.33917023869157
259740.0,290.33757334098834
259800.0,290.33598173005
259860.0,290.3343984299906
259920.0,290.3328241893936
259980.0,290.331255189881
260040.0,290.3302465218641
260100.0,290.32868952616224
260160.0,290.32714071394906
260220.0,290.3255998381736
260280.0,290.32406771043406
260340.0,290.3225429363149
260400.0,290.3210255079232
260460.0,290.31951320902607
260520.0,290.31800749382177
260580.0,290.31650883358697
260640.0,290.3150173696989
260700.0,290.31353313349905
260760.0,290.3120561196086
260820.0,290.31058631037627
260880.0,290.3091236840317
260940.0,290.30766822182864
261000.0,290.30591514757316
261060.0,290.3039679404687
261120.0,290.3024241994024
261180.0,290.3010027153619
261240.0,290.2995894993255
261300.0,290.29761800230665
261360.0,290.2956564009029
261420.0,290.2937062743504
261480.0,290.2917652967822
261540.0,290.2898334447778
261600.0,290.28790779000417
261660.0,290.2859905050285
261720.0,290.28408172084266
261780.0,290.28181734866763
261840.0,290.27982319122253
261900.0,290.2779348908281
261960.0,290.2760686281607
262020.0,290.2742112922489
262080.0,290.2723628586177
262140.0,290.2705233024114
262200.0,290.2686890694425
262260.0,290.2664958066102
262320.0,290.2645744705906
262380.0,290.2627595277992
262440.0,290.2609663807048
262500.0,290.25918195291814
262560.0,290.2574062190202
262620.0,290.2556391532425
262680.0,290.2538772842905
262740.0,290.2521240490896
262800.0,290.25037874563895
262860.0,290.2486420352658
262920.0,290.2469137591284
262980.0,290.24519399251807
263040.0,290.24316630472305
263100.0,290.2413693517827
263160.0,290.23966901123896
263220.0,290.23798944391285
263280.0,290.2363182487233
263340.0,290.2346553990422
263400.0,290.23300086794137
263460.0,290.23135132278173
263520.0,290.22971005988967
263580.0,290.22807640393415
263640.0,290.22645098733415
263700.0,290.22483365571316
263760.0,290.22322447986926
263820.0,290.2216234689362
263880.0,290.2200306008391
263940.0,290.2184458448314
264000.0,290.2168691703001
264060.0,290.21530054815435
264120.0,290.2140213659201
264180.0,290.2130070374706
264240.0,290.21155189146106
264300.0,290.21001209523826
264360.0,290.2084804490939
264420.0,290.20695635727327
264480.0,290.20544066080805
264540.0,290.2039345791416
264600.0,290.2024338807177
264660.0,290.20094347904865
264720.0,290.19946080546276
264780.0,290.19798583192227
264840.0,290.1965154717624
264900.0,290.19505277318325
264960.0,290.19359710881196
265020.0,290.19252957393246
265080.0,290.191619872948
265140.0,290.19018642756055
265200.0,290.188757495723
265260.0,290.1873372715313
265320.0,290.1859233930705
265380.0,290.1845192803021
265440.0,290.183122574938
265500.0,290.18173324868377
265560.0,290.18073175502224
265620.0,290.1798877529912
265680.0,290.1791121221021
265740.0,290.1777411578801
265800.0,290.17697654882693
265860.0,290.1762165038448
265920.0,290.17546102289253
265980.0,290.1747100449084
266040.0,290.1733630485783
266100.0,290.1726233093444
266160.0,290.1712871190765
266220.0,290.16995898088913
266280.0,290.16863969405676
266340.0,290.16792631083115
266400.0,290.1672175600054
266460.0,290.16651379647595
266520.0,290.1658140203924
266580.0,290.1651182119502
266640.0,290.16403912051976
266700.0,290.16281136707727
266760.0,290.1621309299692
266820.0,290.1614548201774
266880.0,290.1607831789343
266940.0,290.15951102960327
267000.0,290.15884961228517
267060.0,290.15819221287023
267120.0,290.1575397994409
267180.0,290.15689111592366
267240.0,290.1562461434021
267300.0,290.15521605629533
267360.0,290.1544673552215
267420.0,290.15382536489295
267480.0,290.1531979634676
267540.0,290.1519693359046
267600.0,290.15135156486264
267660.0,290.1507372338501
267720.0,290.1495211303019
267780.0,290.14891718194207
267840.0,290.14831714000275
267900.0,290.1471521806802
267960.0,290.14655845973556
268020.0,290.1459718268933
268080.0,290.1447818155329
268140.0,290.1442053290662
268200.0,290.14363255868244
268260.0,290.14306301699105
268320.0,290.1424965382124
268380.0,290.1419334742889
268440.0,290.14137458584156
268500.0,290.14081800853074
268560.0,290.1402647680401
268620.0,290.13971520951617
268680.0,290.13916841525065
268740.0,290.13946376140035
268800.0,290.13690911621524
268860.0,290.13444198077025
268920.0,290.1320360266279
268980.0,290.13252638685435
269040.0,290.1330005058915
269100.0,290.1334627623851
269160.0,290.1339093774564
269220.0,290.137043084252
269280.0,290.1373955790725
269340.0,290.1404669006801
269400.0,290.14344117577986
269460.0,290.1463134753738
269520.0,290.1491071435814
269580.0,290.1518243957897
269640.0,290.1544907373938
269700.0,290.1570897680309
269760.0,290.1596216966897
269820.0,290.1620849328208
269880.0,290.16448055314754
269940.0,290.1682931395324
270000.0,290.1729695076261
270060.0,290.17774972791284
270120.0,290.1823692421188
270180.0,290.18690424946305
270240.0,290.19129223730386
270300.0,290.19556637538176
270360.0,290.19969546114777
270420.0,290.2064532749324
270480.0,290.2129992455523
270540.0,290.2193180905888
270600.0,290.2255194830984
270660.0,290.2315254182952
270720.0,290.2400361166977
270780.0,290.2483080479335
270840.0,290.25630750645183
270900.0,290.2640851921074
270960.0,290.2716473904221
271020.0,290.2790630970391
271080.0,290.2862936889274
271140.0,290.2933297714653
271200.0,290.30193858019464
271260.0,290.3111018597985
271320.0,290.32003667278315
271380.0,290.328678904612
271440.0,290.3370829060997
271500.0,290.3452554997587
271560.0,290.3532712246241
271620.0,290.36283551582477
271680.0,290.37272787774845
271740.0,290.3825370535008
271800.0,290.3921268542351
271860.0,290.4014346396474
271920.0,290.4104238521867
271980.0,290.4191673843228
272040.0,290.42767260892396
272100.0,290.4376813505236
272160.0,290.4481016417993
272220.0,290.458401258381
272280.0,290.4684810031427
272340.0,290.47824036297305
272400.0,290.4877571758306
272460.0,290.4969506181289
272520.0,290.50589550190824
272580.0,290.5145992599993
272640.0,290.5231426542401
272700.0,290.531474367965
272760.0,290.53959530372623
272820.0,290.5475007625116
272880.0,290.5551943105348
272940.0,290.5626809809625
273000.0,290.5699666039945
273060.0,290.57705713987013
273120.0,290.5839583800053
273180.0,290.59067590813095
273240.0,290.59721506291254
273300.0,290.6035809858717
273360.0,290.6097786494546
273420.0,290.61581287415
273480.0,290.6216883306935
273540.0,290.6274095410734
273600.0,290.63298088108616
273660.0,290.6384065859035
273720.0,290.64369075612876
273780.0,290.6488373636986
273840.0,290.6538502563823
273900.0,290.6598116271992
273960.0,290.6669397042361
274020.0,290.67404116820603
274080.0,290.6808747575801
274140.0,290.6850342746848
274200.0,290.6915225781122
274260.0,290.69786695573555
274320.0,290.70401320758214
274380.0,290.7100466243011
274440.0,290.71591070288883
274500.0,290.72158792924256
274560.0,290.72712087686443
274620.0,290.73251351625095
274680.0,290.73781266136484
274740.0,290.7429881428048
274800.0,290.7480402766872
274860.0,290.7514062167079
274920.0,290.75406926334404
274980.0,290.75878892271515
275040.0,290.7634212134316
275100.0,290.76550914335195
275160.0,290.7699747701424
275220.0,290.7743248150334
275280.0,290.7761384155814
275340.0,290.7779171503065
275400.0,290.77965259809116
275460.0,290.78134248658296
275520.0,290.7829976234756
275580.0,290.7846117456868
275640.0,290.78617532792316
275700.0,290.7877010032002
275760.0,290.78918971475406
275820.0,290.78817893923366
275880.0,290.787199552087
275940.0,290.7862431449972
276000.0,290.78778153555214
276060.0,290.7892743549103
276120.0,290.79073523006326
276180.0,290.79215050191414
276240.0,290.7910640906441
276300.0,290.7900113796443
276360.0,290.7914576400182
276420.0,290.7903890427245
276480.0,290.78935359773436
276540.0,290.78834242533884
276600.0,290.7873633426389
276660.0,290.7864091284683
276720.0,290.78547915789255
276780.0,290.78456537905566
276840.0,290.78201534310676
276900.0,290.77887160686186
276960.0,290.7755681076486
277020.0,290.77232880125234
277080.0,290.7691842585633
277140.0,290.7661119466985
277200.0,290.76313657757015
277260.0,290.76023624134166
277320.0,290.75484250727504
277380.0,290.7495632152828
277440.0,290.7444063153185
277500.0,290.741861490853
277560.0,290.7394877594293
277620.0,290.7345744103885
277680.0,290.7297929302253
277740.0,290.725119199786
277800.0,290.72058634635954
277860.0,290.7161575186723
277920.0,290.71186852503547
277980.0,290.7076877843341
278040.0,290.7036126927203
278100.0,290.6996082313947
278160.0,290.6956974843038
278220.0,290.6918804306587
278280.0,290.6881596405374
278340.0,290.68310294145437
278400.0,290.6772392754003
278460.0,290.67130105691984
278520.0,290.66554875702155
278580.0,290.65989247039846
278640.0,290.6544067282134
278700.0,290.64905050529643
278760.0,290.6412552560306
278820.0,290.6336146406854
278880.0,290.62616022896
278940.0,290.61640351687373
279000.0,290.6040709924628
279060.0,290.5946901993243
279120.0,290.58290139345746
279180.0,290.5714235032307
279240.0,290.55757041278275
279300.0,290.54408377803645
279360.0,290.5310144208923
279420.0,290.51826978665116
279480.0,290.505842990446
279540.0,290.4936292330775
279600.0,290.4816854557224
279660.0,290.47003904903835
279720.0,290.4586824903158
279780.0,290.4476157923834
279840.0,290.4368323262909
279900.0,290.42632691845694
279960.0,290.4146118937306
280020.0,290.4042358639332
280080.0,290.3945412365891
280140.0,290.38525943569505
280200.0,290.37621780272843
280260.0,290.36470717474856
280320.0,290.3534482455093
280380.0,290.34245891404294
280440.0,290.3318058794411
280500.0,290.31883072979525
280560.0,290.30603390076897
280620.0,290.2935398629401
280680.0,290.2813333409466
280740.0,290.26952651078926
280800.0,290.2579585745023
280860.0,290.24674438710576
280920.0,290.23580142163354
280980.0,290.22519842793054
281040.0,290.2148741974897
281100.0,290.2048227342286
281160.0,290.19495941893774
281220.0,290.18533225001096
281280.0,290.17595543654835
281340.0,290.1649698964158
281400.0,290.1534551105217
281460.0,290.1422136733994
281520.0,290.1313256133968
281580.0,290.1180519810604
281640.0,290.10498584919145
281700.0,290.08937510815065
281760.0,290.0770002558115
281820.0,290.06213328221367
281880.0,290.0505381941857
281940.0,290.03638232788563
282000.0,290.02262224824716
282060.0,290.0092596200902
282120.0,289.99630039233864
282180.0,289.98363776508654
282240.0,289.9713094034406
282300.0,289.95933639529426
282360.0,289.9477685917123
282420.0,289.9365153014555
282480.0,289.925568716994
282540.0,289.91482711142254
282600.0,289.9025013909161
282660.0,289.8918163996653
282720.0,289.8795088377688
282780.0,289.86718807826827
282840.0,289.85519018513435
282900.0,289.8436248656142
282960.0,289.83237789829377
283020.0,289.81857741956867
283080.0,289.8079370070014
283140.0,289.79466311883095
283200.0,289.7788743716891
283260.0,289.7664123480744
283320.0,289.75434260619056
283380.0,289.74259258203654
283440.0,289.72838494891397
283500.0,289.71734286645477
283560.0,289.70375375383395
283620.0,289.69050534484774
283680.0,289.67767598089085
283740.0,289.665186410766
283800.0,289.6531237258571
283860.0,289.64129425166914
283920.0,289.62981268872596
283980.0,289.6186766192475
284040.0,289.60793308360144
284100.0,289.5974936239613
284160.0,289.5873501891072
284220.0,289.5774043328286
284280.0,289.5696066716588
284340.0,289.56067166516476
284400.0,289.551490122299
284460.0,289.54265760845004
284520.0,289.53407797063824
284580.0,289.52574432940486
284640.0,289.52058662681833
284700.0,289.51555592533697
284760.0,289.5106608892191
284820.0,289.50593402843947
284880.0,289.50134428409274
284940.0,289.49688806035664
285000.0,289.4925241864778
285060.0,289.48827462040595
285120.0,289.4841460286087
285180.0,289.48013809450634
285240.0,289.4762485675031
285300.0,289.4724743895316
285360.0,289.4704320039202
285420.0,289.46736117379317
285480.0,289.4664029316049
285540.0,289.46591596440436
285600.0,289.4654445831692
285660.0,289.4649862762223
285720.0,289.46454395400036
285780.0,289.4641146469615
285840.0,289.46369799762726
285900.0,289.4662622412801
285960.0,289.46873357562436
286020.0,289.471137265194
286080.0,289.4734520844694
286140.0,289.4756984466835
286200.0,289.4778784053139
286260.0,289.4800141793456
286320.0,289.48209162085516
286380.0,289.4841109907971
286440.0,289.4879742174344
286500.0,289.4927344512702
286560.0,289.4944304204132
286620.0,289.49897759511157
286680.0,289.5034287435417
286740.0,289.5077234597601
286800.0,289.50913618294896
286860.0,289.510340333996
286920.0,289.5144678487387
286980.0,289.5184578142788
287040.0,289.5222995543032
287100.0,289.52310848836805
287160.0,289.52684468425946
287220.0,289.53047272031614
287280.0,289.53397478478183
287340.0,289.5373812370617
287400.0,289.5378925354568
287460.0,289.538248322168
287520.0,289.5385934956438
287580.0,289.53892604544166
287640.0,289.539248888936
287700.0,289.5366038658728
287760.0,289.53405300568824
287820.0,289.53452343302496
287880.0,289.53497704897654
287940.0,289.53541893430764
288000.0,289.53584417486564
288060.0,289.53625699581585
288120.0,289.53665776091344
288180.0,289.53705143401436
288240.0,289.5374335581614
288300.0,289.53780528643904
288360.0,289.5381660365407
288420.0,289.5385162758092
288480.0,289.5388561022812
288540.0,289.5391858065522
288600.0,289.5395057167087
288660.0,289.5368531787648
288720.0,289.53724088891494
288780.0,289.5376147515807
288840.0,289.53797895142054
288900.0,289.5412440578876
288960.0,289.54443258225734
289020.0,289.54753013504774
289080.0,289.5505255870111
289140.0,289.5534498810278
289200.0,289.55626705642516
289260.0,289.5590195484302
289320.0,289.5616785583064
289380.0,289.56426888248825
289440.0,289.5696660283709
289500.0,289.5749358651184
289560.0,289.5829838741981
289620.0,289.593738986858
289680.0,289.6041612813211
289740.0,289.6142671909766
289800.0,289.62403788518594
289860.0,289.6393903450127
289920.0,289.65717709929544
289980.0,289.6743442733144
290040.0,289.69370672118555
290100.0,289.71259405690927
290160.0,289.7309197144055
290220.0,289.7514364834178
290280.0,289.7714638272601
290340.0,289.79354443753226
290400.0,289.8180129121146
290460.0,289.8416641392982
290520.0,289.8645160918714
290580.0,289.889407419171
290640.0,289.9135823397103
290700.0,289.93959695852783
290760.0,289.96224884691367
290820.0,289.9814602341796
290880.0,290.0000624131328
290940.0,290.020661779798
291000.0,290.0407690164766
291060.0,290.06303293857655
291120.0,290.0846819273469
291180.0,290.1056388340516
291240.0,290.1259208724292
291300.0,290.145444046962
291360.0,290.16706429013004
291420.0,290.1907924103248
291480.0,290.211275691198
291540.0,290.2365289209123
291600.0,290.26088050077965
291660.0,290.2844574553403
291720.0,290.3100365197983
291780.0,290.33225201182233
291840.0,290.3564432126739
291900.0,290.3772802795784
291960.0,290.39740958517103
292020.0,290.41697193646996
292080.0,290.4359830590187
292140.0,290.4543577414015
292200.0,290.47480282391035
292260.0,290.49468275623013
292320.0,290.5139258053173
292380.0,290.53266796243213
292440.0,290.5508560905452
292500.0,290.56847947780153
292560.0,290.5880555614156
292620.0,290.6046790204199
292680.0,290.62080871699476
292740.0,290.63634683040675
292800.0,290.65145416396143
292860.0,290.66614471147346
292920.0,290.6821409635904
292980.0,290.7015184755628
293040.0,290.7220859493971
293100.0,290.74229801715376
293160.0,290.76185775775855
293220.0,290.783158652409
293280.0,290.8016339177036
293340.0,290.82188237877466
293400.0,290.8415917022311
293460.0,290.8607730369271
293520.0,290.8769908506166
293580.0,290.8928075958698
293640.0,290.908091967135
293700.0,290.9252761129568
293760.0,290.94435401012834
293820.0,290.96296161413755
293880.0,290.9831448438724
293940.0,291.0029463618847
294000.0,291.01999581679155
294060.0,291.0411686988538
294120.0,291.0616592659713
294180.0,291.08840629860794
294240.0,291.1121187910215
294300.0,291.13507729570483
294360.0,291.159456659514
294420.0,291.1790015452352
294480.0,291.19793917766464
294540.0,291.21628856869665
294600.0,291.23214837792585
294660.0,291.2454128545241
294720.0,291.2583543921784
294780.0,291.27299982025863
294840.0,291.28527842024835
294900.0,291.2992701301762
294960.0,291.31090096257475
295020.0,291.32429171317364
295080.0,291.3353095829148
295140.0,291.3460388925849
295200.0,291.35861493434953
295260.0,291.3688136803909
295320.0,291.3787694731176
295380.0,291.3904820709943
295440.0,291.40194104272354
295500.0,291.4152152057636
295560.0,291.43011329921734
295620.0,291.44469845654885
295680.0,291.4589015681929
295740.0,291.4708275170602
295800.0,291.4824225885958
295860.0,291.4937060275821
295920.0,291.5067472240981
295980.0,291.5194552905471
296040.0,291.5337375747914
296100.0,291.55157666794224
296160.0,291.5690715907642
296220.0,291.58808826797303
296280.0,291.6066030641218
296340.0,291.622689757488
296400.0,291.63841409146886
296460.0,291.65366860311144
296520.0,291.67042095518497
296580.0,291.68682802578866
296640.0,291.7028701459964
296700.0,291.71846075362214
296760.0,291.73368445216863
296820.0,291.7468177268348
296880.0,291.7578161978536
296940.0,291.76856929110687
297000.0,291.7827480005169
297060.0,291.79833451939055
297120.0,291.8189840475662
297180.0,291.8461912611423
297240.0,291.8761382087109
297300.0,291.9000467189171
297360.0,291.9233164776442
297420.0,291.94260813311837
297480.0,291.95972084294897
297540.0,291.97308468116364
297600.0,291.98610729883666
297660.0,291.9972371560675
297720.0,292.0097443745673
297780.0,292.02200068424264
297840.0,292.0355739744241
297900.0,292.05220310508344
297960.0,292.0684409279583
298020.0,292.08422495669834
298080.0,292.09973800366294
298140.0,292.1132711158554
298200.0,292.126544853201
298260.0,292.1379076042453
298320.0,292.14754590438974
298380.0,292.1569807110409
298440.0,292.16313482264036
298500.0,292.16761448730205
298560.0,292.17513114219315
298620.0,292.1840584092485
298680.0,292.19279356870834
298740.0,292.20132068750826
298800.0,292.20968821534825
298860.0,292.2179000328942
298920.0,292.22503211868076
298980.0,292.2306919933696
299040.0,292.2355093553339
299100.0,292.24175058632903
299160.0,292.25394836707005
299220.0,292.27038514755475
299280.0,292.289430966408
299340.0,292.3094418150721
299400.0,292.32614482882656
299460.0,292.34826462468993
299520.0,292.3712842129987
299580.0,292.39658001973623
299640.0,292.41843983284684
299700.0,292.438312162522
299760.0,292.45369472465654
299820.0,292.4660195688469
299880.0,292.47671100699455
299940.0,292.483163764902
300000.0,292.48814782903315
300060.0,292.49304827652674
300120.0,292.4951740894775
300180.0,292.49591633280727
300240.0,292.4966466697546
300300.0,292.49736450196247
300360.0,292.4994161880806
300420.0,292.5014429351324
300480.0,292.5034427498505
300540.0,292.5054087162475
300600.0,292.5073466584156
300660.0,292.50925695945205
300720.0,292.51413584298024
300780.0,292.5279941397469
300840.0,292.5415347304905
300900.0,292.5561631994751
300960.0,292.5757208171938
301020.0,292.594823941976
301080.0,292.61213954222035
301140.0,292.6291819592229
301200.0,292.6445200163034
301260.0,292.6571736172782
301320.0,292.6683382185042
301380.0,292.6817882505563
301440.0,292.6986773156245
301500.0,292.71394451226894
301560.0,292.73017409473385
301620.0,292.74489228330333
301680.0,292.75814434448233
301740.0,292.7687685218757
301800.0,292.77919678463246
301860.0,292.78823403178376
301920.0,292.79483436489284
301980.0,292.80131799747517
302040.0,292.80887076789173
302100.0,292.815173349291
302160.0,292.8225004597876
302220.0,292.8320494115484
302280.0,292.8471656980961
302340.0,292.8665217231321
302400.0,292.8899471121465
302460.0,292.9150323419811
302520.0,292.9427972964076
302580.0,292.9677210746146
302640.0,292.9941780282873
302700.0,293.0209323966874
302760.0,293.0451019181803
302820.0,293.0656539560713
302880.0,293.08468758266537
302940.0,293.102402215863
303000.0,293.11878672480196
303060.0,293.13389065865783
303120.0,293.1487052268945
303180.0,293.1671616796054
303240.0,293.19003713959637
303300.0,293.2142854245458
303360.0,293.23696570105346
303420.0,293.25559114690077
303480.0,293.27202656650974
303540.0,293.2863589126188
303600.0,293.29865869394627
303660.0,293.31073723934236
303720.0,293.322581261533
303780.0,293.3325376056329
303840.0,293.34499745643745
303900.0,293.3615995460228
303960.0,293.3813404751986
304020.0,293.40408327597964
304080.0,293.42801174492496
304140.0,293.4481288941207
304200.0,293.46779119829955
304260.0,293.4887409788668
304320.0,293.50926205072574
304380.0,293.5278187174225
304440.0,293.5475935530335
304500.0,293.5669357034051
304560.0,293.5882610145174
304620.0,293.6076459904902
304680.0,293.62741126446696
304740.0,293.6460709015723
304800.0,293.6643465334831
304860.0,293.6837756082911
304920.0,293.7007080398149
304980.0,293.7172832785163
305040.0,293.7343458472905
305100.0,293.74628337551593
305160.0,293.7601187711423
305220.0,293.7757828786741
305280.0,293.7904712528264
305340.0,293.80495040195035
305400.0,293.81725411317717
305460.0,293.8293572591172
305520.0,293.8419009335436
305580.0,293.8543066053746
305640.0,293.8685008177652
305700.0,293.88630353036893
305760.0,293.9063226311421
305820.0,293.92594732843855
305880.0,293.9446247465012
305940.0,293.964799299983
306000.0,293.985789498239
306060.0,294.0028540034126
306120.0,294.02019596216934
306180.0,294.0361133863194
306240.0,294.0506375128
306300.0,294.0638055624794
306360.0,294.07619106429246
306420.0,294.0856412508651
306480.0,294.0938626596829
306540.0,294.10088051445047
306600.0,294.10671944740255
306660.0,294.1119558048699
306720.0,294.1160375474596
306780.0,294.11953040521354
306840.0,294.12245048804715
306900.0,294.1242513997096
306960.0,294.12439290429825
307020.0,294.12508216405166
307080.0,294.1257675710701
307140.0,294.1259003619108
307200.0,294.1260326313547
307260.0,294.1234543489535
307320.0,294.11762368784997
307380.0,294.1085975145466
307440.0,294.09992391732044
307500.0,294.09164259656075
307560.0,294.0836637384942
307620.0,294.0727090447164
307680.0,294.05889191489007
307740.0,294.0487699101603
307800.0,294.0391246324778
307860.0,294.0299545496799
307920.0,294.02117355298
307980.0,294.0127720001816
308040.0,294.0046291081257
308100.0,293.99681485267615
308160.0,293.99132431477034
308220.0,293.9847716970304
308280.0,293.97791695467913
308340.0,293.9714751801711
308400.0,293.96533063372885
308460.0,293.95682645616057
308520.0,293.9487260935238
308580.0,293.9410474638872
308640.0,293.9338748795706
308700.0,293.927098643054
308760.0,293.9206937719366
308820.0,293.91307869321474
308880.0,293.90540945077623
308940.0,293.9000923650913
309000.0,293.893040429924
309060.0,293.88455128043637
309120.0,293.8767241652885
309180.0,293.86952920160456
309240.0,293.8610454697279
309300.0,293.8561764103242
309360.0,293.853036302659
309420.0,293.85149075958697
309480.0,293.8514684999125
309540.0,293.85211997629864
309600.0,293.8527659026214
309660.0,293.85340768896674
309720.0,293.855365522931
309780.0,293.85796665611866
309840.0,293.8618616624606
309900.0,293.86637060217754
309960.0,293.8701902636941
310020.0,293.87462799361083
310080.0,293.87901859731204
310140.0,293.8827204716058
310200.0,293.88574658194415
310260.0,293.88939651834806
310320.0,293.89301012876484
310380.0,293.89658944034284
310440.0,293.90078630034145
310500.0,293.90366639779455
310560.0,293.9065193001579
310620.0,293.90870804026355
310680.0,293.9102481323518
310740.0,293.91177466661065
310800.0,293.9126550650206
310860.0,293.91127962684493
310920.0,293.90995186598815
310980.0,293.91020744866694
311040.0,293.91046099876
311100.0,293.9091510198296
311160.0,293.90788695901676
311220.0,293.90815609327313
311280.0,293.90691274031485
311340.0,293.90571216087653
311400.0,293.9024635061133
311460.0,293.8993530700973
311520.0,293.89446250895185
311580.0,293.88783516419664
311640.0,293.8816671700462
311700.0,293.87590855367546
311760.0,293.86892438503054
311820.0,293.86226635308645
311880.0,293.85596141291165
311940.0,293.8499784999601
312000.0,293.8415670084185
312060.0,293.8311849814547
312120.0,293.82171441690645
312180.0,293.8117962799655
312240.0,293.8034868398161
312300.0,293.79359764937607
312360.0,293.78526534601536
312420.0,293.77646015528506
312480.0,293.7688948090674
312540.0,293.7607901906192
312600.0,293.75212120175496
312660.0,293.74376603850726
312720.0,293.7357232212522
312780.0,293.72867289822443
312840.0,293.7209547220024
312900.0,293.7134013920441
312960.0,293.70445789749164
313020.0,293.69570423113584
313080.0,293.68711240841435
313140.0,293.67864950248867
313200.0,293.66959141941146
313260.0,293.6606126277866
313320.0,293.6509891516136
313380.0,293.6414738637289
313440.0,293.63130209538065
313500.0,293.6219456078406
313560.0,293.6126562526493
313620.0,293.6026974305183
313680.0,293.59425805782183
313740.0,293.58366393833455
313800.0,293.5745944535362
313860.0,293.5640937995222
313920.0,293.5543870981422
313980.0,293.5454572513957
314040.0,293.53656830209314
314100.0,293.52697697849123
314160.0,293.5174110681207
314220.0,293.50788588102625
314280.0,293.49839463561835
314340.0,293.4889402986571
314400.0,293.4779870056003
314460.0,293.46784018973364
314520.0,293.455407453949
314580.0,293.44455313958406
314640.0,293.43295380370193
314700.0,293.4213897456215
314760.0,293.4106445785344
314820.0,293.39834513171434
314880.0,293.3868753522507
314940.0,293.37465172922043
315000.0,293.3632494435019
315060.0,293.3526741540846
315120.0,293.3413342260402
315180.0,293.3300314179561
315240.0,293.31877249276744
315300.0,293.30837309860283
315360.0,293.2980054463504
315420.0,293.28849824012644
315480.0,293.2781951219368
315540.0,293.26876859818054
315600.0,293.25853970691867
315660.0,293.2475111201738
315720.0,293.23652197765733
315780.0,293.2263955548546
315840.0,293.2163432577662
315900.0,293.20632980765686
315960.0,293.1963693818112
316020.0,293.1873201800619
316080.0,293.1774291755004
316140.0,293.16845283233545
316200.0,293.15952620534193
316260.0,293.1506541260167
316320.0,293.14182602413547
316380.0,293.1321528246275
316440.0,293.12340520341354
316500.0,293.1129032439884
316560.0,293.1042505151723
316620.0,293.09473808475224
316680.0,293.087088621954
316740.0,293.0803997476812
316800.0,293.0737524116721
316860.0,293.06530953355025
316920.0,293.05784142836745
316980.0,293.05041510624136
317040.0,293.0448757856009
317100.0,293.0384477351116
317160.0,293.03299497521596
317220.0,293.02757899338957
317280.0,293.0231428550703
317340.0,293.0187284953523
317400.0,293.0152861759718
317460.0,293.0118709862085
317520.0,293.0084876657834
317580.0,293.0042413612465
317640.0,293.00090685481786
317700.0,292.99760317412193
317760.0,292.9952688770479
317820.0,292.99484179632276
317880.0,292.9944194368441
317940.0,292.9950175559891
318000.0,292.99459279841193
318060.0,292.99518899752553
318120.0,292.99684952604423
318180.0,292.99956648145155
318240.0,293.00332014653515
318300.0,293.00702259466266
318360.0,293.01068487009275
318420.0,293.01429489224375
318480.0,293.0178592294795
318540.0,293.0224390043065
318600.0,293.02800185987104
318660.0,293.0324745854028
318720.0,293.03687038708904
318780.0,293.04224675523557
318840.0,293.0454748971418
318900.0,293.0497092660669
318960.0,293.0538843047416
319020.0,293.0580085330165
319080.0,293.06103705444275
319140.0,293.0640323934942
319200.0,293.0669856508772
319260.0,293.06892313020813
319320.0,293.0697768598233
319380.0,293.0695952301994
319440.0,293.0694156115957
319500.0,293.06923749131766
319560.0,293.0690613937847
319620.0,293.0688868951028
319680.0,293.06871398099406
319740.0,293.06854213761943
319800.0,293.0683716603112
319860.0,293.0682027093847
319920.0,293.0680352651467
319980.0,293.06736755961504
320040.0,293.0670558897023
320100.0,293.06688607629115
320160.0,293.06774715457703
320220.0,293.068596924951
320280.0,293.0684260256443
320340.0,293.06825702068454
320400.0,293.0680893656545
320460.0,293.0679236779277
320520.0,293.0668430649777
320580.0,293.0666883044945
320640.0,293.06561473365895
320700.0,293.0645519226142
320760.0,293.06165393079846
320820.0,293.05878030534626
320880.0,293.0559345042706
320940.0,293.0531084155415
321000.0,293.0503039009061
321060.0,293.047527768479
321120.0,293.0447679474494
321180.0,293.04203137899947
321240.0,293.03838424730833
321300.0,293.03476866118564
321360.0,293.0302560338387
321420.0,293.02577008600065
321480.0,293.0203764614127
321540.0,293.01501997711165
321600.0,293.00970472663613
321660.0,293.0025303141291
321720.0,292.9954087903141
321780.0,292.98741366391806
321840.0,292.9794351860027
321900.0,292.9715019050264
321960.0,292.96553774771587
322020.0,292.95868470081433
322080.0,292.9518501480492
322140.0,292.94408963521414
322200.0,292.93638108548583
322260.0,292.9277628014078
322320.0,292.9191860051072
322380.0,292.90967648636325
322440.0,292.9002173609986
322500.0,292.88983311085883
322560.0,292.88049272826055
322620.0,292.87020481967954
322680.0,292.85998649631074
322740.0,292.84983834301084
322800.0,292.83974983976185
322860.0,292.82972150351145
322920.0,292.81973554511416
322980.0,292.8104891677035
323040.0,292.8008403131691
323100.0,292.7910435905521
323160.0,292.7823563923082
323220.0,292.7747409783707
323280.0,292.76719466307543
323340.0,292.75867043070684
323400.0,292.75228584899537
323460.0,292.7459615568224
323520.0,292.7396850342398
323580.0,292.7344623848679
323640.0,292.72933503622886
323700.0,292.7242613970211
323760.0,292.7202822339161
323820.0,292.71740669268206
323880.0,292.7145604346239
323940.0,292.71174791841923
324000.0,292.7100271924238
324060.0,292.70832105811496
324120.0,292.7076976650464
324180.0,292.70601104278785
324240.0,292.70434370031217
324300.0,292.70162342853405
324360.0,292.69892705392755
324420.0,292.69625745267354
324480.0,292.69361282804323
324540.0,292.6910011779948
324600.0,292.6873400712565
324660.0,292.68478209835536
324720.0,292.6822479762218
324780.0,292.6797445671229
324840.0,292.67617516281615
324900.0,292.6737138329328
324960.0,292.6702041931372
325020.0,292.6667286128281
325080.0,292.6621937483373
325140.0,292.65770082302305
325200.0,292.65434038809093
325260.0,292.65101639673424
325320.0,292.64773271725875
325380.0,292.6444806280125
325440.0,292.6412599143685
325500.0,292.6380579725388
325560.0,292.6355903969252
325620.0,292.63178943492636
325680.0,292.6284933060203
325740.0,292.6243119621932
325800.0,292.62017037304616
325860.0,292.61607211159634
325920.0,292.61201965278195
325980.0,292.6080055648703
326040.0,292.60402970048443
326100.0,292.6000804854309
326160.0,292.5954195726133
326220.0,292.5905510924469
326280.0,292.5867193419057
326340.0,292.5829387487705
326400.0,292.5780702156906
326460.0,292.5743711420648
326520.0,292.5707121624684
326580.0,292.5670997186853
326640.0,292.56352292727723
326700.0,292.55998154616907
326760.0,292.55573533510733
326820.0,292.5520450300072
326880.0,292.54955692266634
326940.0,292.54614987583625
327000.0,292.5427724993376
327060.0,292.54056979765625
327120.0,292.5360991852419
327180.0,292.5316786107523
327240.0,292.5284573123669
327300.0,292.52526177819846
327360.0,292.52209898401753
327420.0,292.518967418063
327480.0,292.51586737632147
327540.0,292.51279854100613
327600.0,292.5109174148809
327660.0,292.50789947759813
327720.0,292.5049138412815
327780.0,292.501968336915
327840.0,292.5002111563813
327900.0,292.49962067397377
327960.0,292.4967181344626
328020.0,292.4938513908234
328080.0,292.49212593415785
328140.0,292.4904726178124
328200.0,292.48766934748824
328260.0,292.48606216823015
328320.0,292.4844752480215
328380.0,292.48290903948845
328440.0,292.4824709249465
328500.0,292.4820913653922
328560.0,292.4817165843686
328620.0,292.4813457100979
328680.0,292.48229120888647
328740.0,292.4819134612082
328800.0,292.4828509008397
328860.0,292.4837721970724
328920.0,292.4833772855226
328980.0,292.4818207451241
329040.0,292.481432919922
329100.0,292.4810657339609
329160.0,292.4795791973441
329220.0,292.4792328209549
329280.0,292.4788911019616
329340.0,292.47855330320056
329400.0,292.47821926902594
329460.0,292.4778892046324
329520.0,292.476389727032
329580.0,292.4749090141921
329640.0,292.4746180494015
329700.0,292.4743297265266
329760.0,292.4740447461905
329820.0,292.4737632979611
329880.0,292.4734846777474
329940.0,292.4732092774172
330000.0,292.4729372014843
330060.0,292.4726679970507
330120.0,292.4724020620513
330180.0,292.47347496945764
330240.0,292.4745292493341
330300.0,292.4755697441891
330360.0,292.476591771001
330420.0,292.4789703529974
330480.0,292.4813190375413
330540.0,292.483635668217
330600.0,292.48591198570824
330660.0,292.4894598977815
330720.0,292.49166958729023
330780.0,292.49383729133893
330840.0,292.49734178770893
330900.0,292.50078551021346
330960.0,292.5041753371347
331020.0,292.5075165613828
331080.0,292.5107990689337
331140.0,292.5140438012083
331200.0,292.51587904348924
331260.0,292.51769555413404
331320.0,292.5181695058115
331380.0,292.5185998493067
331440.0,292.5190228217568
331500.0,292.519440017382
331560.0,292.5186358796703
331620.0,292.51906059731846
331680.0,292.5182607064182
331740.0,292.5174717752631
331800.0,292.5155315408261
331860.0,292.5147722630441
331920.0,292.5128601162733
331980.0,292.5109702932804
332040.0,292.5091008028586
332100.0,292.5072517150448
332160.0,292.50542592904026
332220.0,292.50245177908903
332280.0,292.50065903599557
332340.0,292.4977332974076
332400.0,292.49484102389295
332460.0,292.4931470646788
332520.0,292.4914748384962
332580.0,292.4898202371155
332640.0,292.4881832676368
332700.0,292.48656464496435
332760.0,292.48380705682604
332820.0,292.48106421386484
332880.0,292.4771849556332
332940.0,292.47451157613267
333000.0,292.4695034910342
333060.0,292.4645557090465
333120.0,292.4608339718067
333180.0,292.4559660551862
333240.0,292.45114605378063
333300.0,292.4463775942063
333360.0,292.44166638234236
333420.0,292.435791161399
333480.0,292.42997681888994
333540.0,292.4230380539938
333600.0,292.4161504431413
333660.0,292.40811606744865
333720.0,292.40135730785056
333780.0,292.39467336366664
333840.0,292.38806964189575
333900.0,292.3803107864111
333960.0,292.3726131554586
334020.0,292.366201387777
334080.0,292.35862045745677
334140.0,292.3511244383821
334200.0,292.3424524928435
334260.0,292.33386023068306
334320.0,292.32409463613817
334380.0,292.315667438028
334440.0,292.3073216593316
334500.0,292.29782099762156
334560.0,292.28964031789957
334620.0,292.28027029756936
334680.0,292.2709895860788
334740.0,292.2618062916522
334800.0,292.2527093721642
334860.0,292.2436986677948
334920.0,292.23348399151286
334980.0,292.22336264236344
335040.0,292.21332507198645
335100.0,292.20210609242577
335160.0,292.1909548792163
335220.0,292.1785867800878
335280.0,292.1663308164729
335340.0,292.154198667721
335400.0,292.1421670091328
335460.0,292.13027129661947
335520.0,292.11848460426313
335580.0,292.10680718954853
335640.0,292.09433236726187
335700.0,292.0816101629267
335760.0,292.0689039738066
335820.0,292.0562884310519
335880.0,292.0438095412656
335940.0,292.0300383960601
336000.0,292.0149883008495
336060.0,292.0000909912954
336120.0,291.9853297162374
336180.0,291.9706958128906
336240.0,291.95620936318517
336300.0,291.94183773933094
336360.0,291.9261529731602
336420.0,291.9106192824286
336480.0,291.8967250934336
336540.0,291.8815034124341
336600.0,291.866394856709
336660.0,291.8514473366624
336720.0,291.8366215920237
336780.0,291.8204541503935
336840.0,291.80443740545314
336900.0,291.7886173918165
336960.0,291.77290903304345
337020.0,291.7558342716371
337080.0,291.7389385491125
337140.0,291.7222294343993
337200.0,291.7040959812208
337260.0,291.68616245161917
337320.0,291.66843833438264
337380.0,291.649406846459
337440.0,291.630453970273
337500.0,291.61166968107824
337560.0,291.59143924191847
337620.0,291.5714345576905
337680.0,291.55168053437137
337740.0,291.5304909470416
337800.0,291.50948012750007
337860.0,291.48697509543
337920.0,291.46470209054866
337980.0,291.440976399265
338040.0,291.4174736461833
338100.0,291.3958974564772
338160.0,291.37458723695676
338220.0,291.3518411751521
338280.0,291.32928645331
338340.0,291.306970562449
338400.0,291.28492837704385
338460.0,291.26485698352207
338520.0,291.245062454863
338580.0,291.22551759168147
338640.0,291.20621314044365
338700.0,291.18714397708004
338760.0,291.16831208511263
338820.0,291.14787503314733
338880.0,291.12585255953394
338940.0,291.1059834603752
339000.0,291.086369573711
339060.0,291.0670673787042
339120.0,291.04799615054384
339180.0,291.0291713930519
339240.0,291.0106083010936
339300.0,290.99236193697146
339360.0,290.9743366293068
339420.0,290.95657003383695
339480.0,290.93908252064097
339540.0,290.9219030855604
339600.0,290.90498241236753
339660.0,290.88646193339673
339720.0,290.8680942248406
339780.0,290.8499802807952
339840.0,290.83211356064396
339900.0,290.81454987101597
339960.0,290.7973315932282
340020.0,290.78038665469893
340080.0,290.7637136082844
340140.0,290.7493336352119
340200.0,290.73308890208153
340260.0,290.71913282749006
340320.0,290.7054370179719
340380.0,290.6920506363873
340440.0,290.6788972055756
340500.0,290.6659743822058
340560.0,290.6545412389132
340620.0,290.6451540700356
340680.0,290.63697964729243
340740.0,290.6289330884478
340800.0,290.62310700706496
340860.0,290.6174039260166
340920.0,290.6139175828878
340980.0,290.6104857541485
341040.0,290.60922652944225
341100.0,290.60798776235464
341160.0,290.6046777267729
341220.0,290.60352843312603
341280.0,290.60240659880316
341340.0,290.6036038620935
341400.0,290.6047643235422
341460.0,290.60840986832443
341520.0,290.6119541191803
341580.0,290.6178717288389
341640.0,290.6211836336349
341700.0,290.62440794474185
341760.0,290.62752609843216
341820.0,290.6305868876785
341880.0,290.63606877817296
341940.0,290.6389134735586
342000.0,290.6391890481727
342060.0,290.64195439238944
342120.0,290.6421547557069
342180.0,290.6448442093562
342240.0,290.64497225559927
342300.0,290.64509725147354
342360.0,290.6431091489169
342420.0,290.6411703656531
342480.0,290.63717336245475
342540.0,290.63326256676174
342600.0,290.6294472036563
342660.0,290.6256840184534
342720.0,290.62200014859144
342780.0,290.61839392122135
342840.0,290.61487844147655
342900.0,290.6135235884231
342960.0,290.6144391282919
343020.0,290.61532664710086
343080.0,290.61619365818194
343140.0,290.6170335615685
343200.0,290.61785246263275
343260.0,290.6186508931513
343320.0,290.61943565555134
343380.0,290.61797472797605
343440.0,290.6187778285458
343500.0,290.6195563917999
343560.0,290.6203177619416
343620.0,290.62105460418655
343680.0,290.6217730504327
343740.0,290.6224735650452
343800.0,290.6231635034909
343860.0,290.62383616085316
343920.0,290.62449321579237
343980.0,290.62513372599113
344040.0,290.62355387135284
344100.0,290.6220136189559
344160.0,290.6205025297131
344220.0,290.6169403112148
344280.0,290.61343500995116
344340.0,290.60999788282
344400.0,290.6045423184016
344460.0,290.5991695834442
344520.0,290.59393509654166
344580.0,290.588773036567
344640.0,290.5837118056408
344700.0,290.57662326557914
344760.0,290.56969781144255
344820.0,290.5629046281955
344880.0,290.55414587342193
344940.0,290.54337414109654
345000.0,290.5328200259258
345060.0,290.52251841575327
345120.0,290.51027026695124
345180.0,290.49821834040426
345240.0,290.4863780826257
345300.0,290.47273841735677
345360.0,290.4613473882096
345420.0,290.45019685906584
345480.0,290.43711173080266
345540.0,290.4242563364269
345600.0,290.411709359941
345660.0,290.3994048659369
345720.0,290.389540183714
345780.0,290.37759991676677
345840.0,290.3658888933798
345900.0,290.3544496573751
345960.0,290.34095306243916
346020.0,290.3277345271426
346080.0,290.3125377789732
346140.0,290.2998616884367
346200.0,290.28521022464463
346260.0,290.27308889170297
346320.0,290.25899459846863
346380.0,290.245162098764
346440.0,290.23167493331783
346500.0,290.2184593572897
346560.0,290.20551152297844
346620.0,290.1927441574893
346680.0,290.1787227999422
346740.0,290.1660368487344
346800.0,290.1520656979265
346860.0,290.1380996313538
346920.0,290.1220505449405
346980.0,290.1063798375547
347040.0,290.0910377303644
347100.0,290.07364695074375
347160.0,290.0565666553968
347220.0,290.04220285814404
347280.0,290.0281681172202
347340.0,290.0144647638385
347400.0,290.00103881036586
347460.0,289.9855692032197
347520.0,289.97034888334053
347580.0,289.95316092990925
347640.0,289.9362572798651
347700.0,289.92211521602195
347760.0,289.90580984909485
347820.0,289.89233173385554
347880.0,289.87912142825417
347940.0,289.86622589973655
348000.0,289.85126371706014
348060.0,289.8365610553695
348120.0,289.8197044423915
348180.0,289.8031893700517
348240.0,289.7870728725311
348300.0,289.77139971717963
348360.0,289.75607429557954
348420.0,289.74109089072005
348480.0,289.72633762669807
348540.0,289.7102655136554
348600.0,289.69390339834666
348660.0,289.68029308232724
348720.0,289.6618530168997
348780.0,289.6463643490963
348840.0,289.6286972903603
348900.0,289.61148832158653
348960.0,289.5946821484869
349020.0,289.57824585109364
349080.0,289.5622251062699
349140.0,289.5439219996435
349200.0,289.52609324604384
349260.0,289.50875541524704
349320.0,289.4917109115822
349380.0,289.47245055255354
349440.0,289.45369325937287
349500.0,289.4354827632888
349560.0,289.41769959047735
349620.0,289.4003362018186
349680.0,289.38325503835233
349740.0,289.36653239215786
349800.0,289.3502060333851
349860.0,289.33256549615226
349920.0,289.3165660122046
349980.0,289.30141117385205
350040.0,289.2842059100245
350100.0,289.2673368208328
350160.0,289.2481641281386
350220.0,289.23211357462867
350280.0,289.2138437564263
350340.0,289.1959873032922
350400.0,289.18123945083454
350460.0,289.161424761431
350520.0,289.1421776823702
350580.0,289.1234591776133
350640.0,289.1051229129116
350700.0,289.087301300751
350760.0,289.0699071206675
350820.0,289.05300039630106
350880.0,289.0364460345143
350940.0,289.020358293019
351000.0,289.0046714106214
351060.0,288.98942223603024
351120.0,288.9745328025707
351180.0,288.9601246666652
351240.0,288.94333404030436
351300.0,288.92691081929814
351360.0,288.91088231174433
351420.0,288.89534649718917
351480.0,288.8802153323856
351540.0,288.86548060493857
351600.0,288.8510189402347
351660.0,288.8369030026376
351720.0,288.8231510365578
351780.0,288.8097640564455
351840.0,288.7967364097298
351900.0,288.78406042214704
351960.0,288.7698404295614
352020.0,288.7524116079163
352080.0,288.7381412627788
352140.0,288.72430940673456
352200.0,288.7109174959374
352260.0,288.69518312825187
352320.0,288.6824725676762
352380.0,288.6672397566049
352440.0,288.65250408907593
352500.0,288.6381354327362
352560.0,288.6271004005268
352620.0,288.61340608115427
352680.0,288.6000892595335
352740.0,288.58715423785355
352800.0,288.57466416471385
352860.0,288.5625173132338
352920.0,288.55070508461847
352980.0,288.5372542862292
353040.0,288.5215318232468
353100.0,288.50787194474225
353160.0,288.49458943089127
353220.0,288.47889424364496
353280.0,288.4635417561051
353340.0,288.44859989544005
353400.0,288.434119155283
353460.0,288.41996963855553
353520.0,288.40627069820016
353580.0,288.3899743143042
353640.0,288.3741708613021
353700.0,288.35888831706995
353760.0,288.34124281491916
353820.0,288.3239066333562
353880.0,288.30399160732424
353940.0,288.2847110264197
354000.0,288.2660661891518
354060.0,288.2451264064674
354120.0,288.22458183288705
354180.0,288.20457046485524
354240.0,288.18505167808576
354300.0,288.16610824551805
354360.0,288.14785349273166
354420.0,288.1299481960645
354480.0,288.10956488275644
354540.0,288.08975023367753
354600.0,288.07056159953896
354660.0,288.048997413658
354720.0,288.0279567693619
354780.0,288.0074965957475
354840.0,287.98766507240464
354900.0,287.96846133625183
354960.0,287.9497297083989
355020.0,287.9315671201348
355080.0,287.91104898011696
355140.0,287.888014658668
355200.0,287.86557123743773
355260.0,287.84389713135914
355320.0,287.81959896840254
355380.0,287.79905785157746
355440.0,287.7792115669903
355500.0,287.76008713236405
355560.0,287.7445687777444
355620.0,287.726303856613
355680.0,287.7085663822696
355740.0,287.6914242520499
355800.0,287.6716522086889
355860.0,287.6524631449629
355920.0,287.6338784678785
355980.0,287.6129122073029
356040.0,287.59243611082815
356100.0,287.56944200024805
356160.0,287.5471005069704
356220.0,287.52562584171636
356280.0,287.50170155637807
356340.0,287.4783800156595
356400.0,287.45570382542996
356460.0,287.43382841622315
356520.0,287.4126066647776
356580.0,287.38905818132383
356640.0,287.36600078450704
356700.0,287.3435887254734
356760.0,287.32197462281783
356820.0,287.2980075326111
356880.0,287.2745679645179
356940.0,287.25178620816354
357000.0,287.22982038586014
357060.0,287.2085203205945
357120.0,287.1848533161573
357180.0,287.1617061328117
357240.0,287.14228992926746
357300.0,287.1202912102747
357360.0,287.09905532904423
357420.0,287.0786287643462
357480.0,287.05567582637343
357540.0,287.03640779564256
357600.0,287.0144840497019
357660.0,286.99331048698247
357720.0,286.97281087774735
357780.0,286.95291723004806
357840.0,286.93381036636043
357900.0,286.9151302762
357960.0,286.8940380908494
358020.0,286.8765677565142
358080.0,286.8596968202484
358140.0,286.8400854666892
358200.0,286.82118344051463
358260.0,286.80281849912205
358320.0,286.7851571826526
358380.0,286.76468785504517
358440.0,286.74174544042336
358500.0,286.72265058574544
358560.0,286.7009233210407
358620.0,286.6798873615215
358680.0,286.65960880085265
358740.0,286.63996862504354
358800.0,286.6209518648565
358860.0,286.5993036857939
358920.0,286.5783396236402
358980.0,286.5581561892356
359040.0,286.5386078420761
359100.0,286.5196766081704
359160.0,286.5011662531015
359220.0,286.4831874033296
359280.0,286.465765044266
359340.0,286.44889659035204
359400.0,286.43257099050453
359460.0,286.4167731269161
359520.0,286.40148639510636
359580.0,286.3866943134169
359640.0,286.372380991013
359700.0,286.3585311947269
359760.0,286.34335489941066
359820.0,286.32985796915744
359880.0,286.3146084779447
359940.0,286.2994718214473
360000.0,286.28486431801815
360060.0,286.2739015934593
360120.0,286.26005642334
360180.0,286.2466780417429
360240.0,286.23376495401254
360300.0,286.221241833769
360360.0,286.2091946511778
360420.0,286.19753400966243
360480.0,286.1862485788635
360540.0,286.17521987864967
360600.0,286.1645123840387
360660.0,286.15195732751397
360720.0,286.1390695824567
360780.0,286.1263859946776
360840.0,286.11072622206126
360900.0,286.095649738447
360960.0,286.08105722871034
361020.0,286.0669463131314
361080.0,286.0499965838488
361140.0,286.03359603652655
361200.0,286.01785254435384
361260.0,286.002616185473
361320.0,285.9878710110166
361380.0,285.9734524013296
361440.0,285.9594449475805
361500.0,285.9458854206257
361560.0,285.93064006967245
361620.0,285.91740344909
361680.0,285.90516414543544
361740.0,285.8935693130695
361800.0,285.8823502803801
361860.0,285.8714950581668
361920.0,285.8587562769578
361980.0,285.8455487311205
362040.0,285.83258040092545
362100.0,285.8199407016057
362160.0,285.80777862770265
362220.0,285.7959777508155
362280.0,285.78465683490106
362340.0,285.7737039108163
362400.0,285.76310718785203
362460.0,285.7506170050348
362520.0,285.73765014509837
362580.0,285.7249127542208
362640.0,285.7124990497976
362700.0,285.70055573942216
362760.0,285.6889681071015
362820.0,285.6745730267047
362880.0,285.66382100986874
362940.0,285.65007847119165
363000.0,285.6368447518828
363060.0,285.6240713099656
363120.0,285.6083416522934
363180.0,285.59644820080945
363240.0,285.58163047078585
363300.0,285.56732905808025
363360.0,285.5536128316262
363420.0,285.54363230145105
363480.0,285.53392812784347
363540.0,285.5245199840215
363600.0,285.51234736494337
363660.0,285.5036012464043
363720.0,285.49517403211354
363780.0,285.4870318790391
363840.0,285.4791594312268
363900.0,285.46831782851905
363960.0,285.4610242879729
364020.0,285.45064951550853
364080.0,285.4406666974294
364140.0,285.4310931635004
364200.0,285.42512800109256
364260.0,285.41932879364856
364320.0,285.41035119597626
364380.0,285.4016888161924
364440.0,285.39668987816106
364500.0,285.38847705324736
364560.0,285.3805428831555
364620.0,285.3728665174202
364680.0,285.36877090664063
364740.0,285.3648067728148
364800.0,285.36431262173176
364860.0,285.3604966787019
364920.0,285.35682860726916
364980.0,285.3565738801071
365040.0,285.3563553074896
365100.0,285.3528478585112
365160.0,285.3527529874736
365220.0,285.35266135559164
365280.0,285.35257268939284
365340.0,285.35589540053087
365400.0,285.3624663779761
365460.0,285.3688323907891
365520.0,285.3749304596238
365580.0,285.3808230857645
365640.0,285.386517201894
365700.0,285.39426979925605
365760.0,285.40264975869934
365820.0,285.41099922718826
365880.0,285.4225607198025
365940.0,285.4371170593241
366000.0,285.45115716682994
366060.0,285.46457560660957
366120.0,285.47754165492563
366180.0,285.4934341678001
366240.0,285.5088714646269
366300.0,285.52729185673604
366360.0,285.54505840075
366420.0,285.56210382627984
366480.0,285.58211875277766
366540.0,285.6013565370353
366600.0,285.61992477706326
366660.0,285.63788898813436
366720.0,285.65845694990037
366780.0,285.6785212244749
366840.0,285.69792073528436
366900.0,285.716622072684
366960.0,285.7378947947472
367020.0,285.7585993589664
367080.0,285.7786231085155
367140.0,285.79790003994776
367200.0,285.81662390055163
367260.0,285.8346772267655
367320.0,285.85532606344003
367380.0,285.8754212341021
367440.0,285.8982598640678
367500.0,285.91701205423783
367560.0,285.93851035578945
367620.0,285.9591827960045
367680.0,285.9823418137815
367740.0,286.00487810241253
367800.0,286.02667898724667
367860.0,286.0476179109894
367920.0,286.06801240178083
367980.0,286.0908615746522
368040.0,286.113202521021
368100.0,286.13801522045645
368160.0,286.16204686806964
368220.0,286.18506812406525
368280.0,286.2073142044174
368340.0,286.23215553491264
368400.0,286.2562853469719
368460.0,286.27965823446806
368520.0,286.30528935114506
368580.0,286.33033115065916
368640.0,286.3545741688126
368700.0,286.38113776774543
368760.0,286.4069956865875
368820.0,286.4320013297009
368880.0,286.4560843802415
368940.0,286.4794286843134
369000.0,286.5054600811666
369060.0,286.53054738248807
369120.0,286.5579760867395
369180.0,286.58459074896354
369240.0,286.61032782020675
369300.0,286.6352498109335
369360.0,286.65929232644896
369420.0,286.68570826878107
369480.0,286.7113650368428
369540.0,286.7361800667707
369600.0,286.7634951839113
369660.0,286.7899056976139
369720.0,286.81535473004186
369780.0,286.83985090813746
369840.0,286.8636004782199
369900.0,286.89003162682775
369960.0,286.9154998691089
370020.0,286.9367217996982
370080.0,286.9606513130542
370140.0,286.9869150034729
370200.0,287.01236378753765
370260.0,287.03680165655453
370320.0,287.06359002888064
370380.0,287.08970952510117
370440.0,287.1184831929788
370500.0,287.1461450070009
370560.0,287.1695461493277
370620.0,287.19551660139535
370680.0,287.2206574462675
370740.0,287.2480563591625
370800.0,287.27468441336123
370860.0,287.30030513922543
370920.0,287.32860303295877
370980.0,287.35582610195854
371040.0,287.3820300209546
371100.0,287.40751017813216
371160.0,287.4352658834159
371220.0,287.4622224242861
371280.0,287.48831229694736
371340.0,287.5166711073546
371400.0,287.54415518987844
371460.0,287.57376766038857
371520.0,287.6025799082555
371580.0,287.63047046375317
371640.0,287.6604641226214
371700.0,287.68981443326567
371760.0,287.718061473472
371820.0,287.7451249545047
371880.0,287.7712870177716
371940.0,287.7965786766851
372000.0,287.8234028819812
372060.0,287.8502650881253
372120.0,287.87625177116354
372180.0,287.9049060271872
372240.0,287.9324411662106
372300.0,287.9558125687815
372360.0,287.9783632212374
372420.0,288.0035012460246
372480.0,288.02778301675835
372540.0,288.0545803558972
372600.0,288.08036976384426
372660.0,288.1052180832909
372720.0,288.1293510491137
372780.0,288.1559913528594
372840.0,288.1785311826515
372900.0,288.20017734184256
372960.0,288.2209809231219
373020.0,288.2441745527769
373080.0,288.2668057812655
373140.0,288.29855600670004
373200.0,288.32585805953914
373260.0,288.3555713784563
373320.0,288.3842802753997
373380.0,288.4119316251924
373440.0,288.4354960278672
373500.0,288.4680103926418
373560.0,288.49612798458634
373620.0,288.5232860079104
373680.0,288.5464398635457
373740.0,288.57200207117836
373800.0,288.59965665030745
373860.0,288.62346386499
373920.0,288.64646706658783
373980.0,288.6685406156017
374040.0,288.69003006593334
374100.0,288.71077658505834
374160.0,288.7337949168781
374220.0,288.76236794250866
374280.0,288.78711244166357
374340.0,288.81409254376325
374400.0,288.8371409780775
374460.0,288.865702128879
374520.0,288.89318893653973
374580.0,288.91954585713415
374640.0,288.94504614233665
374700.0,288.9697197338391
374760.0,288.9938455382005
374820.0,289.01529971013014
374880.0,289.0353000949555
374940.0,289.06352316977404
375000.0,289.09376934940923
375060.0,289.1200447633538
375120.0,289.14540068660176
375180.0,289.1697218253167
375240.0,289.19047675253114
375300.0,289.21048318597707
375360.0,289.232684205542
375420.0,289.25728485410366
375480.0,289.27824604507737
375540.0,289.3045980255777
375600.0,289.3269793515125
375660.0,289.3486992284675
375720.0,289.3696359379025
375780.0,289.3869413645775
375840.0,289.4037034500717
375900.0,289.4259852051248
375960.0,289.450369325374
376020.0,289.471198963271
376080.0,289.4884127423509
376140.0,289.50496946573577
376200.0,289.52699679482527
376260.0,289.55420906844654
376320.0,289.58041494883093
376380.0,289.6057021797312
376440.0,289.63620966904256
376500.0,289.6655475371472
376560.0,289.6998989280708
376620.0,289.73574477202635
376680.0,289.7705052387933
376740.0,289.79857092001674
376800.0,289.82568606144133
376860.0,289.8463150429482
376920.0,289.8719679008695
376980.0,289.8995210375452
377040.0,289.9262625807453
377100.0,289.95779911805204
377160.0,289.985360774229
377220.0,290.01497724706434
377280.0,290.04082275730565
377340.0,290.06587654626753
377400.0,290.0928362416171
377460.0,290.121790802098
377520.0,290.14694646692664
377580.0,290.16872860519396
377640.0,290.18716287390185
377700.0,290.20505307772174
377760.0,290.2278084101802
377820.0,290.2497507915784
377880.0,290.2710508996239
377940.0,290.289056801805
378000.0,290.3065444099088
378060.0,290.32078440376023
378120.0,290.3372811462063
378180.0,290.3533604808279
378240.0,290.37692267558833
378300.0,290.39709788724764
378360.0,290.41151873599074
378420.0,290.4255100877958
378480.0,290.44689623995606
378540.0,290.4701323117148
378600.0,290.49018171757524
378660.0,290.5045271068263
378720.0,290.51838507551133
378780.0,290.5344456872897
378840.0,290.5525945704661
378900.0,290.5677169995599
378960.0,290.57992963056046
379020.0,290.5917442611921
379080.0,290.60568424267353
379140.0,290.61684866257104
379200.0,290.6326736854002
379260.0,290.6430761981665
379320.0,290.6506874874058
379380.0,290.6556388476622
379440.0,290.66045306594077
379500.0,290.6676110590877
379560.0,290.67954083313634
379620.0,290.6911374774806
379680.0,290.7098065133789
379740.0,290.7278626613484
379800.0,290.74288409390067
379860.0,290.7575835733082
379920.0,290.7694818919691
379980.0,290.78347297780067
380040.0,290.7947324535237
380100.0,290.80563802778346
380160.0,290.8162058629123
380220.0,290.8242309696438
380280.0,290.8343602540089
380340.0,290.8442507609853
380400.0,290.86103011375604
380460.0,290.8749056821726
380520.0,290.8932010586096
380580.0,290.91324457316836
380640.0,290.9304733058395
380700.0,290.94945878625794
380760.0,290.9795507040875
380820.0,291.0062918843178
380880.0,291.0301005611885
380940.0,291.04645623728055
381000.0,291.07140075466776
381060.0,291.0955565092222
381120.0,291.1235339403759
381180.0,291.1462756169835
381240.0,291.17048833981494
381300.0,291.1962654141606
381360.0,291.2212006184264
381420.0,291.24737704280204
381480.0,291.2729597729281
381540.0,291.30219252175755
381600.0,291.3242674405373
381660.0,291.3478075690921
381720.0,291.3706942976699
381780.0,291.39492412427313
381840.0,291.4205400404219
381900.0,291.44341282336393
381960.0,291.4717844987182
382020.0,291.50728882973516
382080.0,291.53776946994054
382140.0,291.5615055876406
382200.0,291.5863876697213
382260.0,291.6106431630528
382320.0,291.64005723370843
382380.0,291.67040553294356
382440.0,291.70179870298443
382500.0,291.7302922343989
382560.0,291.76362957119227
382620.0,291.78877751168574
382680.0,291.81500537562226
382740.0,291.83866527806197
382800.0,291.8635344822853
382860.0,291.88603285523305
382920.0,291.9027777084284
382980.0,291.9207815593557
383040.0,291.9383586987836
383100.0,291.9554483037635
383160.0,291.97214394142327
383220.0,291.9868940229713
383280.0,291.9963268814878
383340.0,292.0022326164649
383400.0,292.00800805291533
383460.0,292.01867140462343
383520.0,292.03405662727283
383580.0,292.05236317101225
383640.0,292.0734700917362
383700.0,292.09235832446694
383760.0,292.1108477999455
383820.0,292.12880384822034
383880.0,292.14020840211396
383940.0,292.1545242853882
384000.0,292.1700742284663
384060.0,292.1883808889578
384120.0,292.2078067476871
384180.0,292.23135519323966
384240.0,292.25422461266123
384300.0,292.2764445429347
384360.0,292.2968209647397
384420.0,292.3225816397022
384480.0,292.34756987227865
384540.0,292.3704830010057
384600.0,292.3928533765173
384660.0,292.41614784344404
384720.0,292.4417013734388
384780.0,292.4665141206536
384840.0,292.4935255370246
384900.0,292.519744286141
384960.0,292.5414462908104
385020.0,292.5678784792105
385080.0,292.5948675372982
385140.0,292.6199435534698
385200.0,292.6443259820443
385260.0,292.66919828268635
385320.0,292.6888142299213
385380.0,292.71166313320305
385440.0,292.7364039370028
385500.0,292.76045483016543
385560.0,292.78638055515364
385620.0,292.8104035410938
385680.0,292.82823371845365
385740.0,292.85027003738156
385800.0,292.86843153535483
385860.0,292.89069311478903
385920.0,292.9146612265398
385980.0,292.9390841961995
386040.0,292.9608675389385
386100.0,292.98315654111997
386160.0,293.0049579413121
386220.0,293.0252213842556
386280.0,293.0440612736183
386340.0,293.06464122950274
386400.0,293.0847121644935
386460.0,293.1033908398021
386520.0,293.1207689416173
386580.0,293.13585077427643
386640.0,293.15157437271426
386700.0,293.16997763877384
386760.0,293.18610649846556
386820.0,293.2066780741971
386880.0,293.22589005074434
386940.0,293.242869868559
387000.0,293.26137483395917
387060.0,293.27861090363734
387120.0,293.2954835339689
387180.0,293.3174405434946
387240.0,293.3388662887536
387300.0,293.3564495548453
387360.0,293.3727934115002
387420.0,293.39146170171455
387480.0,293.40724462592095
387540.0,293.42609387160115
387600.0,293.4454036937075
387660.0,293.4634478522867
387720.0,293.4812113539218
387780.0,293.4986681955605
387840.0,293.51578938564774
387900.0,293.53336699306715
387960.0,293.5499040582289
388020.0,293.56613475150493
388080.0,293.579074305976
388140.0,293.5925378942411
388200.0,293.60884113125576
388260.0,293.62555413144094
388320.0,293.64424773383104
388380.0,293.6633227835413
388440.0,293.6798924034594
388500.0,293.6983290067332
388560.0,293.7157226491216
388620.0,293.73141725441263
388680.0,293.75031663658916
388740.0,293.7688558221517
388800.0,293.7837065161647
388860.0,293.7989854577572
388920.0,293.8160243105681
388980.0,293.8340916495387
389040.0,293.8524418252094
389100.0,293.8698662441632
389160.0,293.88510036781173
389220.0,293.8988369634633
389280.0,293.911735900103
389340.0,293.92259867696384
389400.0,293.93022558761095
389460.0,293.9383699979155
389520.0,293.9488908732509
389580.0,293.96232241508943
389640.0,293.97736699763675
389700.0,293.9933677426246
389760.0,294.00964912836815
389820.0,294.02569437745944
389880.0,294.0438324854758
389940.0,294.0616462961752
390000.0,294.07692671782974
390060.0,294.0913773880776
390120.0,294.10399047399005
390180.0,294.1175361022875
390240.0,294.1314305567949
390300.0,294.144593755396
390360.0,294.1597304665293
390420.0,294.1751635257172
390480.0,294.18879374259495
390540.0,294.2022009556789
390600.0,294.21753330246224
390660.0,294.23161184045466
390720.0,294.2459804151685
390780.0,294.25815377087366
390840.0,294.273174781899
390900.0,294.2869838704741
390960.0,294.29962193929646
391020.0,294.3111220396387
391080.0,294.32245686657467
391140.0,294.334139921709
391200.0,294.34808204881136
391260.0,294.3613299700647
391320.0,294.37303402567466
391380.0,294.38784500993773
391440.0,294.39968884187897
391500.0,294.4109083459296
391560.0,294.4219964861608
391620.0,294.43162829676055
391680.0,294.44070002130314
391740.0,294.4470078697663
391800.0,294.4528061834393
391860.0,294.4585621446351
391920.0,294.4633939593835
391980.0,294.46730859618316
392040.0,294.4707584239843
392100.0,294.4733046126344
392160.0,294.4758320318626
392220.0,294.47966091284155
392280.0,294.48433564801326
392340.0,294.4907138135877
392400.0,294.4983344496113
392460.0,294.5080309546966
392520.0,294.5180498558526
392580.0,294.5288084457974
392640.0,294.54197047025724
392700.0,294.55453344625056
392760.0,294.566532048041
392820.0,294.57675994900717
392880.0,294.5893213328402
392940.0,294.60170107251895
393000.0,294.6143291230665
393060.0,294.62564209980064
393120.0,294.6360388018618
393180.0,294.64475588544605
393240.0,294.65337579970765
393300.0,294.662700803188
393360.0,294.6734765770629
393420.0,294.6833687109603
393480.0,294.6931532193043
393540.0,294.7009538183865
393600.0,294.70755884783654
393660.0,294.7129833438651
393720.0,294.71798694750277
393780.0,294.7218443040922
393840.0,294.72642110345674
393900.0,294.73245111497715
393960.0,294.7384274362658
394020.0,294.74398325111036
394080.0,294.7506117434675
394140.0,294.7586445810896
394200.0,294.7651562700425
394260.0,294.7730593395979
394320.0,294.78088041955385
394380.0,294.7897156221781
394440.0,294.7980972940055
394500.0,294.80606235270426
394560.0,294.8136074928126
394620.0,294.8224912821876
394680.0,294.831630680396
394740.0,294.8396566922369
394800.0,294.8465823187412
394860.0,294.8527690243887
394920.0,294.8578868319031
394980.0,294.8619494562107
395040.0,294.8666660870287
395100.0,294.87202819130846
395160.0,294.8776847328156
395220.0,294.88464660744427
395280.0,294.8915407985412
395340.0,294.89972101572374
395400.0,294.9078171180481
395460.0,294.916173654279
395520.0,294.92478461666053
395580.0,294.93397796254595
395640.0,294.94244084077997
395700.0,294.9498667361167
395760.0,294.9588310157271
395820.0,294.96802753904524
395880.0,294.97682662457333
395940.0,294.9868012979713
396000.0,294.99512331056286
396060.0,295.0039915042731
396120.0,295.0137058254596
396180.0,295.0251625710676
396240.0,295.03647834023064
396300.0,295.04679196768996
396360.0,295.05581000524586
396420.0,295.0644465158923
396480.0,295.0744909492507
396540.0,295.08297046867034
396600.0,295.0919615868525
396660.0,295.1005700283515
396720.0,295.107673385102
396780.0,295.1141481364937
396840.0,295.1197163862295
396900.0,295.12552815940273
396960.0,295.13045221440296
397020.0,295.13591352152935
397080.0,295.14020901351415
397140.0,295.14447625339824
397200.0,295.14984893294644
397260.0,295.1543467146115
397320.0,295.15965731158417
397380.0,295.16577082190395
397440.0,295.1721124943545
397500.0,295.17841051094024
397560.0,295.1846576753687
397620.0,295.19141747500225
397680.0,295.19949881056533
397740.0,295.20697256656644
397800.0,295.2141090543359
397860.0,295.2198630306664
397920.0,295.2253071930096
397980.0,295.2320555141818
398040.0,295.2395533749541
398100.0,295.2454101337953
398160.0,295.2514873556424
398220.0,295.25700412212245
398280.0,295.262485096584
398340.0,295.2692369924345
398400.0,295.2764592292222
398460.0,295.28388675037377
398520.0,295.29125169763046
398580.0,295.2985496826609
398640.0,295.30657952459393
398700.0,295.314535441783
398760.0,295.3221795715651
398820.0,295.3300186593942
398880.0,295.3373094639174
398940.0,295.3442914408785
399000.0,295.3512273337736
399060.0,295.3598422410055
399120.0,295.36814077845105
399180.0,295.37686320063347
399240.0,295.3850327315443
399300.0,295.3926604621012
399360.0,295.39999493214793
399420.0,295.40703689148467
399480.0,295.4145047407036
399540.0,295.4216721517385
399600.0,295.42856673683673
399660.0,295.43611848390907
399720.0,295.44337506537664
399780.0,295.4496633998573
399840.0,295.4563736568275
399900.0,295.4628036159155
399960.0,295.4680551074947
400020.0,295.47396159965774
400080.0,295.48005993006456
400140.0,295.48408179536
400200.0,295.4894407040142
400260.0,295.49544568268016
400320.0,295.5023123709932
400380.0,295.5091265557849
400440.0,295.5161259861893
400500.0,295.5230718140743
400560.0,295.5304209511789
400620.0,295.53771319021337
400680.0,295.5449443999028
400740.0,295.55212779550163
400800.0,295.55947943803505
400860.0,295.5650782282616
400920.0,295.5687097031881
400980.0,295.5727543724378
401040.0,295.5769914904947
401100.0,295.5820659597076
401160.0,295.5873255717402
401220.0,295.59319379693
401280.0,295.59945102881954
401340.0,295.6056656701939
401400.0,295.61122096262204
401460.0,295.6165338538763
401520.0,295.6207790969527
401580.0,295.6241729143101
401640.0,295.628383054837
401700.0,295.632779814133
401760.0,295.63694485036285
401820.0,295.64212559118386
401880.0,295.6470740337894
401940.0,295.652611541617
402000.0,295.65811614546953
402060.0,295.66278160092213
402120.0,295.6670193750319
402180.0,295.6714349868203
402240.0,295.67563442507253
402300.0,295.6794116494687
402360.0,295.68216832110426
402420.0,295.6847127173356
402480.0,295.6876505148606
402540.0,295.69157631718406
402600.0,295.69608310755746
402660.0,295.70136398250594
402720.0,295.7068148136494
402780.0,295.7122363375932
402840.0,295.7180252331426
402900.0,295.7241754014931
402960.0,295.7300925016134
403020.0,295.7353969151868
403080.0,295.7404808868965
403140.0,295.7447658751516
403200.0,295.7492213625921
403260.0,295.754430977542
403320.0,295.75980442731
403380.0,295.76477043620537
403440.0,295.7698988508608
403500.0,295.7757678186213
403560.0,295.7816003524893
403620.0,295.78740346282115
403680.0,295.7931748436881
403740.0,295.7987327958152
403800.0,295.8044511689151
403860.0,295.8097684897823
403920.0,295.8154312304788
403980.0,295.8212433366672
404040.0,295.82703104646146
404100.0,295.8318711935286
404160.0,295.8365055873518
404220.0,295.84130333398656
404280.0,295.8455312878624
404340.0,295.84955882918905
404400.0,295.8532060617508
404460.0,295.85720274149776
404520.0,295.86063962705356
404580.0,295.86460667369056
404640.0,295.86873528348457
404700.0,295.87303006951254
404760.0,295.8780261859696
404820.0,295.88299566772434
404880.0,295.8881221811149
404940.0,295.89340251029273
405000.0,295.89865985392
405060.0,295.90388683059206
405120.0,295.9087461971253
405180.0,295.9134080266746
405240.0,295.9185781566114
405300.0,295.923721339688
405360.0,295.92849520048543
405420.0,295.93324478071395
405480.0,295.937630645647
405540.0,295.9421705844036
405600.0,295.94617397884207
405660.0,295.9501597723585
405720.0,295.9534424437193
405780.0,295.9568858809407
405840.0,295.9603145593315
405900.0,295.96373232382473
405960.0,295.9674829893714
406020.0,295.9712174253768
406080.0,295.9744288895286
406140.0,295.9776288431148
406200.0,295.9803083377133
406260.0,295.98314799868365
406320.0,295.98632003589574
406380.0,295.98914257761066
406440.0,295.99246413370474
406500.0,295.9961121453925
406560.0,295.9997447877174
406620.0,296.00303093061194
406680.0,296.00647235824937
406740.0,296.0097377897316
406800.0,296.0128256426669
406860.0,296.016403202521
406920.0,296.0201351721814
406980.0,296.0240203992353
407040.0,296.028054518606
407100.0,296.03191177368893
407160.0,296.0355884685343
407220.0,296.03925350604743
407280.0,296.04290337107267
407340.0,296.0463791593205
407400.0,296.0496781300873
407460.0,296.05280299155464
407520.0,296.0557524089293
407580.0,296.05853003990495
407640.0,296.0612997206341
407700.0,296.06373503166094
407760.0,296.0661625372069
407820.0,296.0684187923971
407880.0,296.07051008618214
407940.0,296.07243092585924
408000.0,296.07483547236075
408060.0,296.0772320556582
408120.0,296.0797848659913
408180.0,296.0823310794789
408240.0,296.0848676358812
408300.0,296.0875585656109
408360.0,296.09008261532114
408420.0,296.09276168587667
408480.0,296.09559289632165
408540.0,296.0984159210135
408600.0,296.1012293332962
408660.0,296.10403468729555
408720.0,296.1068320200864
408780.0,296.1094105231293
408840.0,296.1118892114364
408900.0,296.11434771496357
408960.0,296.11679687453784
409020.0,296.11908032933576
409080.0,296.12135871063504
409140.0,296.1236316412046
409200.0,296.12604991428515
409260.0,296.1284690726175
409320.0,296.130724208181
409380.0,296.13313209704023
409440.0,296.135375761311
409500.0,296.13792981687936
409560.0,296.14047574160844
409620.0,296.1427006358583
409680.0,296.1450761861422
409740.0,296.14744603080237
409800.0,296.14996527243704
409860.0,296.15263346209844
409920.0,296.155144235116
409980.0,296.15748901939327
410040.0,296.1598275219972
410100.0,296.16200216788076
410160.0,296.1641726262559
410220.0,296.16665061173757
410280.0,296.16912194475606
410340.0,296.1714315429101
410400.0,296.17373411865225
410460.0,296.1761872326222
410520.0,296.1784771191247
410580.0,296.1804525081145
410640.0,296.18226807346554
410700.0,296.18423435628046
410760.0,296.1858862537822
410820.0,296.18753438699645
410880.0,296.1890232247178
410940.0,296.19066460136725
411000.0,296.1924567961909
411060.0,296.1945538985788
411120.0,296.19633746253163
411180.0,296.19811635776347
411240.0,296.19989087944083
411300.0,296.20181624742355
411360.0,296.203587548851
411420.0,296.2053503457083
411480.0,296.20710917219657
411540.0,296.2085574049656
411600.0,296.21000187921885
411660.0,296.21159738241204
411720.0,296.21318897361425
411780.0,296.214777658433
411840.0,296.2162089852907
411900.0,296.2176380085828
411960.0,296.2189108237574
412020.0,296.2203318434385
412080.0,296.22175220408377
412140.0,296.22316951749826
412200.0,296.2245841037692
412260.0,296.22599571410876
412320.0,296.22755206598237
412380.0,296.22895895682865
412440.0,296.23036156910507
412500.0,296.23176118286324
412560.0,296.23315716297077
412620.0,296.23455028939367
412680.0,296.23594057226717
412740.0,296.2374261158536
412800.0,296.23883988353833
412860.0,296.2400954997918
412920.0,296.24132362947097
412980.0,296.24254957456725
413040.0,296.2437727957733
413100.0,296.24499361847876
413160.0,296.2462120294333
413220.0,296.2472768334157
413280.0,296.24833961040366
413340.0,296.2493999987576
413400.0,296.2506022947916
413460.0,296.2516599172005
413520.0,296.252865696816
413580.0,296.25376724938246
413640.0,296.2546670149006
413700.0,296.2555646142119
413760.0,296.25661123572684
413820.0,296.25750574251157
413880.0,296.2585494738785
413940.0,296.25974150236044
414000.0,296.26078092102904
414060.0,296.2619689408574
414120.0,296.2630037501526
414180.0,296.26403698319405
414240.0,296.2650682965678
414300.0,296.2660970853256
414360.0,296.26712395388677
414420.0,296.2681489078147
414480.0,296.26907647765637
414540.0,296.2700709991016
414600.0,296.2708243787808
414660.0,296.27169310807795
414720.0,296.27256015057094
414780.0,296.27357500131893
414840.0,296.27444138425557
414900.0,296.2753034747303
414960.0,296.2758647270135
415020.0,296.2765747611919
415080.0,296.27713379601846
415140.0,296.2776918106551
415200.0,296.27824867721216
415260.0,296.2786553274477
415320.0,296.27906120852884
415380.0,296.27961578049286
415440.0,296.28002018331546
415500.0,296.28042385521127
415560.0,296.280677413985
415620.0,296.28093052104094
415680.0,296.281183189856
415740.0,296.28143550733625
415800.0,296.281687445048
415860.0,296.2819389526825
415920.0,296.2821900503107
415980.0,296.2825884738518
416040.0,296.28283875952616
416100.0,296.28293908943806
416160.0,296.28318867908513
416220.0,296.28328954240175
416280.0,296.28353852764735
416340.0,296.28363780593327
416400.0,296.2837369100315
416460.0,296.2838358234606
416520.0,296.2839345858842
416580.0,296.28403319754364
416640.0,296.2841317068008
416700.0,296.284230077694
416760.0,296.2843283079774
416820.0,296.2844263906592
416880.0,296.2845243255598
416940.0,296.28462211174264
417000.0,296.28471974877453
417060.0,296.28481723668006
417120.0,296.28018409497275
417180.0,296.27573778551897
417240.0,296.2714446192545
417300.0,296.2672957465081
417360.0,296.2598818929658
417420.0,296.25605603800346
417480.0,296.24898335932244
417540.0,296.2421926381259
417600.0,296.23220047576666
417660.0,296.2259450472705
417720.0,296.21995095273155
417780.0,296.21068981190496
417840.0,296.2051707316663
417900.0,296.1998697609821
417960.0,296.1913440905124
418020.0,296.1830943577684
418080.0,296.1751763246345
418140.0,296.1674659669503
418200.0,296.1531237739072
418260.0,296.13935373786944
418320.0,296.1226508077738
418380.0,296.1029931730761
418440.0,296.08410003339395
418500.0,296.06596664381493
418560.0,296.0484474609553
418620.0,296.0282924325802
418680.0,296.0085971271923
418740.0,295.98598757262613
418800.0,295.97100532891767
418860.0,295.95663116235295
418920.0,295.93932235716125
418980.0,295.92597632529555
419040.0,295.9131312165592
419100.0,295.9007443877587
419160.0,295.88875500476684
419220.0,295.87024765831904
419280.0,295.8558097584006
419340.0,295.8385382422266
419400.0,295.8218439880759
419460.0,295.8021964253701
419520.0,295.7833318556903
419580.0,295.7617236446723
419640.0,295.74081335900223
419700.0,295.71735808249093
419760.0,295.6944660362023
419820.0,295.6724339825481
419880.0,295.6513116141369
419940.0,295.62721317321564
420000.0,295.6040653751965
420060.0,295.5850777338551
420120.0,295.56327781805373
420180.0,295.5389008949665
420240.0,295.51191739208565
420300.0,295.48585835326645
420360.0,295.46085379043564
420420.0,295.43300558330134
420480.0,295.40967753061653
420540.0,295.3871462474913
420600.0,295.36226439758684
420660.0,295.334576964593
420720.0,295.3077579350322
420780.0,295.27868376835397
420840.0,295.2503944441299
420900.0,295.21959190964276
420960.0,295.1862910194372
421020.0,295.1542693734682
421080.0,295.11976652911216
421140.0,295.083163294325
421200.0,295.05113758050436
421260.0,295.01705895694766
421320.0,294.98397257350814
421380.0,294.9484676165057
421440.0,294.9142261068544
421500.0,294.8812652708138
421560.0,294.8496995365589
421620.0,294.8158141892159
421680.0,294.7829135185859
421740.0,294.74746390870666
421800.0,294.71332684649406
421860.0,294.68035330575447
421920.0,294.64854073643033
421980.0,294.6177815946717
422040.0,294.5849785395499
422100.0,294.5530625788109
422160.0,294.5221949709128
422220.0,294.49595316953514
422280.0,294.4668989830264
422340.0,294.4389838492
422400.0,294.41209004953856
422460.0,294.38255110351815
422520.0,294.3507398347334
422580.0,294.3232638501546
422640.0,294.2968708800503
422700.0,294.2716579291673
422760.0,294.2473515678144
422820.0,294.2206030035197
422880.0,294.20128564017665
422940.0,294.18943120440554
423000.0,294.1713087102051
423060.0,294.1540548397858
423120.0,294.13421260386286
423180.0,294.1089842863538
423240.0,294.0857046695078
423300.0,294.06453133009103
423360.0,294.04278941903823
423420.0,294.02078875766125
423480.0,294.00128913588776
423540.0,293.9841301524228
423600.0,293.969446697457
423660.0,293.9568325436927
423720.0,293.945484161425
423780.0,293.9341731016853
423840.0,293.92428246499026
423900.0,293.91546777344274
423960.0,293.90655245813286
424020.0,293.89866420886295
424080.0,293.891594018999
424140.0,293.8844746948203
424200.0,293.8778460113019
424260.0,293.8710304944045
424320.0,293.8647958398876
424380.0,293.8595663378161
424440.0,293.8545788475863
424500.0,293.84939230028573
424560.0,293.84448718214827
424620.0,293.8402307463219
424680.0,293.83620101620687
424740.0,293.83232620289374
424800.0,293.82827541332614
424860.0,293.8243503822279
424920.0,293.8205664979138
424980.0,293.81692900955534
425040.0,293.8133924341842
425100.0,293.8099735844927
425160.0,293.8066585685854
425220.0,293.8034338292871
425280.0,293.800301458448
425340.0,293.7969449928955
425400.0,293.79395423776805
425460.0,293.7910376277875
425520.0,293.7879103743271
425580.0,293.7848529421156
425640.0,293.7818661661666
425700.0,293.77895316918733
425760.0,293.77584572910575
425820.0,293.77278889120214
425880.0,293.77002036939757
425940.0,293.76729980291856
426000.0,293.7643840677185
426060.0,293.7615176669334
426120.0,293.7587053909566
426180.0,293.7561600280493
426240.0,293.75386649710487
426300.0,293.75137043240136
426360.0,293.74890648609494
426420.0,293.7464712550417
426480.0,293.7442782538049
426540.0,293.74189144798333
426600.0,293.73931368779745
426660.0,293.73676472940133
426720.0,293.7342472078706
426780.0,293.73175334620896
426840.0,293.7290743564742
426900.0,293.7264162953069
426960.0,293.7237798770656
427020.0,293.72116973809875
427080.0,293.7185804967261
427140.0,293.71601114171443
427200.0,293.7134550051793
427260.0,293.71091522140756
427320.0,293.7083923364529
427380.0,293.70588596662043
427440.0,293.70339556090244
427500.0,293.70092039260015
427560.0,293.6983536651324
427620.0,293.69573234547516
427680.0,293.6931092915056
427740.0,293.6905001760617
427800.0,293.6879024890368
427860.0,293.6853190823207
427920.0,293.68255897326037
427980.0,293.6799995442522
428040.0,293.6774510411469
428100.0,293.6747222430704
428160.0,293.6720053028517
428220.0,293.66929805096555
428280.0,293.6667910063739
428340.0,293.6641034313651
428400.0,293.66180292980806
428460.0,293.6593217898785
428520.0,293.6570328696263
428580.0,293.65513134716986
428640.0,293.653236004645
428700.0,293.65134529091677
428760.0,293.6494606150102
428820.0,293.6473926470732
428880.0,293.6453290312744
428940.0,293.64308140578504
429000.0,293.64065120426795
429060.0,293.6382272446441
429120.0,293.6359960029489
429180.0,293.63377024342145
429240.0,293.63136123976636
429300.0,293.6293323219782
429360.0,293.6274951932907
429420.0,293.62584957040815
429480.0,293.6242068600337
429540.0,293.62256756350223
429600.0,293.6211190137716
429660.0,293.6198604560056
429720.0,293.61822877783555
429780.0,293.61660017810163
429840.0,293.6153496174302
429900.0,293.61372594705955
429960.0,293.6122928812759
430020.0,293.61104996423956
430080.0,293.60943373805276
430140.0,293.60819573156374
430200.0,293.6067778954878
430260.0,293.60535691230024
430320.0,293.60412592006816
430380.0,293.60308488072826
430440.0,293.6022334995298
430500.0,293.6013838276301
430560.0,293.6005359920087
430620.0,293.5998774992195
430680.0,293.5994065485836
430740.0,293.598937757565
430800.0,293.5984699579991
430860.0,293.59800299291254
430920.0,293.59771666966077
430980.0,293.5974388675549
431040.0,293.5971616267017
431100.0,293.59688483916244
431160.0,293.5967913746163
431220.0,293.59651528119883
431280.0,293.59623972059615
431340.0,293.5959647172918
431400.0,293.59569017361554
431460.0,293.5954162213233
431520.0,293.5951427669416
431580.0,293.59486981051776
431640.0,293.5945972017323
431700.0,293.5944504656583
431760.0,293.59422025675246
431820.0,293.59395244881125
431880.0,293.5936816833225
431940.0,293.5935995192999
