time;air.T
0.0;293.15
900.0;293.21429898866035
1800.0;293.270308478012
2700.0;293.32142933371614
3600.0;293.36607159277247
4500.0;293.4091163688315
5400.0;293.4507560699854
6300.0;293.4909759678351
7200.0;293.5296442632993
8100.0;293.56313868031083
9000.0;293.5951784336975
9900.0;293.62530007975323
10800.0;293.65312831036186
11700.0;293.67834395404265
12600.0;293.69723995636434
13500.0;293.713512362119
14400.0;293.7267124083739
15300.0;293.7474052999241
16200.0;293.77102333178146
17100.0;293.8011360608911
18000.0;293.8365670128887
18900.0;293.8725417154539
19800.0;293.9191818565795
20700.0;293.96900311120817
21600.0;294.02671862340264
22500.0;294.0548265531191
23400.0;294.0954523528317
24300.0;294.1711389107072
25200.0;294.2325514359959
26100.0;294.303198796477
27000.0;294.3838741097678
27900.0;294.47853815384855
28800.0;294.5813451758971
29700.0;294.69492176929884
30600.0;294.81781529994265
31500.0;294.942140279214
32400.0;295.0669001531429
33300.0;295.43418781338414
34200.0;295.7622450103325
35100.0;296.07116055795456
36000.0;296.35999860126213
36900.0;296.6524043212571
37800.0;296.92991724754063
38700.0;297.2090337133805
39600.0;297.4898824868373
40500.0;297.7590380871532
41400.0;298.0139949950932
42300.0;298.2595317185901
43200.0;298.52156712074867
44100.0;298.7743738280974
45000.0;299.0126471231287
45900.0;299.2557992585814
46800.0;299.49552109589376
47700.0;299.72344577008516
48600.0;299.9612395900911
49500.0;299.99420377955687
50400.0;300.02977220877165
51300.0;300.2128901201985
52200.0;300.26876323439984
53100.0;300.3383763675101
54000.0;300.4824499640304
54900.0;300.64326067049086
55800.0;300.77287974325566
56700.0;300.9473491428771
57600.0;301.1194416969806
58500.0;301.26217997608666
59400.0;301.4110043301985
60300.0;301.5392491614432
61200.0;301.66860628861616
62100.0;301.79698188988345
63000.0;301.91716249881824
63900.0;302.0396371509862
64800.0;302.15573189049354
65700.0;302.04007271249566
66600.0;301.96450504210696
67500.0;301.9005959641596
68400.0;301.8571714609148
69300.0;301.8131709365277
70200.0;301.7813459754457
71100.0;301.75850123691555
72000.0;301.7393169611427
72900.0;301.7265932068365
73800.0;301.7193856077854
74700.0;301.7136531045364
75600.0;301.71291296009764
76500.0;301.71318806896716
77400.0;301.7180193435691
78300.0;301.7268567618337
79200.0;301.73928101365874
80100.0;301.7549430927587
81000.0;301.77010386003377
81900.0;301.78841559998733
82800.0;301.8093687041558
83700.0;301.82911965519463
84600.0;301.8512503371241
85500.0;301.8752020453969
86400.0;301.9005220330071
87300.0;301.92681762608845
88200.0;301.95373034440104
89100.0;301.9809213811397
90000.0;302.00806388551393
90900.0;302.03141297226324
91800.0;302.0546049541892
92700.0;302.07711446791416
93600.0;302.09851436059034
94500.0;302.11843745079597
95400.0;302.136555110316
96300.0;302.1525651721077
97200.0;302.1627595661207
98100.0;302.17082205059535
99000.0;302.17628421705234
99900.0;302.1787847234182
100800.0;302.17803055424145
101700.0;302.18445711574526
102600.0;302.18896482621045
103500.0;302.20647810267786
104400.0;302.2247468098961
105300.0;302.24869861595465
106200.0;302.2677086732159
107100.0;302.3014881678646
108000.0;302.3409196865615
108900.0;302.3813955580172
109800.0;302.4224666694115
110700.0;302.47791577980587
111600.0;302.53987227433225
112500.0;302.60643805966487
113400.0;302.67223872784876
114300.0;302.7503034551992
115200.0;302.84620454425135
116100.0;302.95362127508434
117000.0;303.0635782422135
117900.0;303.1733000326761
118800.0;303.28231211518244
119700.0;303.6264990594245
120600.0;303.92672218455994
121500.0;304.21593468445326
122400.0;304.49930979121206
123300.0;304.7631633170636
124200.0;305.02350853728035
125100.0;305.28659567312957
126000.0;305.5436280627475
126900.0;305.8045844422665
127800.0;306.0684363400625
128700.0;306.2336574384636
129600.0;306.43945847527465
130500.0;306.5093478315136
131400.0;306.68234451356534
132300.0;306.72964918581755
133200.0;306.7671730380199
134100.0;306.9374304553184
135000.0;306.9893152513396
135900.0;307.1819740322894
136800.0;307.273932188712
137700.0;307.36581807733864
138600.0;307.439320713695
139500.0;307.5273003080214
140400.0;307.58117729101224
141300.0;307.7066297156725
142200.0;307.8543411227145
143100.0;308.007876538637
144000.0;308.1038144542185
144900.0;308.2231473870983
145800.0;308.3492168636765
146700.0;308.43971831833716
147600.0;308.5377168773546
148500.0;308.6422465446976
149400.0;308.75729952051904
150300.0;308.8637288595142
151200.0;308.97358330390966
152100.0;308.8446517433341
153000.0;308.7475034720509
153900.0;308.6733418360869
154800.0;308.6137751501833
155700.0;308.5621296668949
156600.0;308.5214808377566
157500.0;308.48571412306
158400.0;308.4571778001987
159300.0;308.43467393977147
160200.0;308.4140222861797
161100.0;308.3952407316926
162000.0;308.37826560664456
162900.0;308.36640521183296
163800.0;308.35898106343063
164700.0;308.3520792470687
165600.0;308.34926535742613
166500.0;308.3499926256955
167400.0;308.3538335020974
168300.0;308.35699906505874
169200.0;308.3631089097113
170100.0;308.3716311797443
171000.0;308.38213263134094
171900.0;308.3942347458869
172800.0;308.4041629613396
173700.0;308.4155338811168
174600.0;308.42780536401307
175500.0;308.4405323286912
176400.0;308.4533264357605
177300.0;308.46583320949355
178200.0;308.4777193303306
179100.0;308.4886660006868
180000.0;308.49836545245955
180900.0;308.506519616483
181800.0;308.5094137168324
182700.0;308.5107176836449
183600.0;308.509944277903
184500.0;308.5067095381354
185400.0;308.5006948713272
186300.0;308.49162554738376
187200.0;308.47925863276095
188100.0;308.4695330594062
189000.0;308.46131292056845
189900.0;308.45862012981144
190800.0;308.4576147168955
191700.0;308.4630083719201
192600.0;308.47037694198735
193500.0;308.47958841311794
194400.0;308.49134508707294
195300.0;308.5057042650216
196200.0;308.5265400779114
197100.0;308.54886386419264
198000.0;308.5721692073867
198900.0;308.60736561412733
199800.0;308.6481543149878
200700.0;308.7021228228412
201600.0;308.76702186216255
202500.0;308.83831861590954
203400.0;308.9217545290766
204300.0;308.99890555836197
205200.0;309.0906693237093
206100.0;309.40428541876713
207000.0;309.68954350293984
207900.0;309.9498829304238
208800.0;310.2015596741292
209700.0;310.43542876486833
210600.0;310.66945152719427
211500.0;310.90568790211626
212400.0;311.1276070349885
213300.0;311.36038804976056
214200.0;311.58903091934286
215100.0;311.8130835778424
216000.0;312.0297031139851
216900.0;312.23497728548614
217800.0;312.44602619798746
218700.0;312.6452820300847
219600.0;312.84245869560954
220500.0;313.02635778473757
221400.0;313.20471904832993
222300.0;313.3768998152299
223200.0;313.54605125349866
224100.0;313.7043575099731
225000.0;313.8558022964733
225900.0;314.00697795669686
226800.0;314.14166826756065
227700.0;314.2630182947982
228600.0;314.38189219705606
229500.0;314.4917897393995
230400.0;314.6006996417538
231300.0;314.7077531976454
232200.0;314.8099789310425
233100.0;314.91035531865583
234000.0;315.00310590050293
234900.0;315.093312230175
235800.0;315.1808399187425
236700.0;315.26246013728263
237600.0;315.3442726232697
238500.0;315.1863929269602
239400.0;315.0731908670496
240300.0;314.97908814522344
241200.0;314.8925022628258
242100.0;314.82106382741085
243000.0;314.76039065762114
243900.0;314.70448464211813
244800.0;314.65576140665536
245700.0;314.61306190702345
246600.0;314.5722283424498
247500.0;314.53671753921094
248400.0;314.50595026406666
249300.0;314.47950855817163
250200.0;314.45706124505034
251100.0;314.4383212060674
252000.0;314.41959515340125
252900.0;314.40457096849633
253800.0;314.3927677575152
254700.0;314.3837917361744
255600.0;314.3772955739345
256500.0;314.36952956087447
257400.0;314.36412976160716
258300.0;314.3605687737501
259200.0;314.3584118820059
260100.0;314.3572768095462
261000.0;314.35681099074463
261900.0;314.35667904959575
262800.0;314.3565559974166
263700.0;314.3526979864079
264600.0;314.3487418831617
265500.0;314.34416260959244
266400.0;314.3385330890223
267300.0;314.33148616197315
268200.0;314.32269310730163
269100.0;314.31185168434143
270000.0;314.2986797428166
270900.0;314.2829118724983
271800.0;314.2642980678229
272700.0;314.2426032138944
273600.0;314.21760727098444
274500.0;314.20405765665345
275400.0;314.18048142319486
276300.0;314.1632306503368
277200.0;314.15952910928735
278100.0;314.1573576561571
279000.0;314.15978022839266
279900.0;314.16078671261465
280800.0;314.1670269032643
281700.0;314.1784957032245
282600.0;314.19421277092175
283500.0;314.21754864898605
284400.0;314.25603347972765
285300.0;314.2895934113365
286200.0;314.3271188415906
287100.0;314.37852595899705
288000.0;314.4445676411891
288900.0;314.51894458531024
289800.0;314.5997789931762
290700.0;314.6811256316273
291600.0;314.768133516477
292500.0;315.0794900412295
293400.0;315.3637696411014
294300.0;315.6202082691485
295200.0;315.8694770457247
296100.0;316.1099687080634
297000.0;316.3452959350287
297900.0;316.5829710143325
298800.0;316.8172249531872
299700.0;317.03986870932357
300600.0;317.2533564709063
301500.0;317.46346138222543
302400.0;317.6634416799091
303300.0;317.8738799954352
304200.0;318.07926897201133
305100.0;318.2742522670437
306000.0;318.4653465941254
306900.0;318.6432495757356
307800.0;318.809951622563
308700.0;318.97747211748384
309600.0;319.1375154242329
310500.0;319.2900846987606
311400.0;319.4353080654676
312300.0;319.57055401326124
313200.0;319.701707158758
314100.0;319.8170725440757
315000.0;319.92607559206596
315900.0;320.0313200154106
316800.0;320.1254654747542
317700.0;320.2224768241636
318600.0;320.31274163690915
319500.0;320.40422212990273
320400.0;320.48871824880507
321300.0;320.56913717783243
322200.0;320.6509517021792
323100.0;320.7225623206364
324000.0;320.79353277534403
324900.0;320.6331855398481
325800.0;320.5082254085192
326700.0;320.4019371617737
327600.0;320.3024123780372
328500.0;320.2198931430794
329400.0;320.1482602210751
330300.0;320.08147448834274
331200.0;320.02192783425977
332100.0;319.96844746286354
333000.0;319.91686759211535
333900.0;319.8706404184887
334800.0;319.82918400194626
335700.0;319.79207880529185
336600.0;319.75556669308827
337500.0;319.72330903584657
338400.0;319.69481967379363
339300.0;319.6697108739106
340200.0;319.647647016219
341100.0;319.62489226870656
342000.0;319.60509690093903
342900.0;319.5877467383681
343800.0;319.57241871459985
344700.0;319.5587401261547
345600.0;319.54636575392743
346500.0;319.5349650635955
347400.0;319.5242153829401
348300.0;319.5103725966277
349200.0;319.49707071510585
350100.0;319.48377912263595
351000.0;319.470062633671
351900.0;319.45554342365557
352800.0;319.43987958462003
353700.0;319.41932718560867
354600.0;319.39753499393595
355500.0;319.3739987368502
356400.0;319.3483193231153
357300.0;319.32016376635835
358200.0;319.28924286929544
359100.0;319.25529889775277
360000.0;319.21809866051103
360900.0;319.1821752907505
361800.0;319.15154101186624
362700.0;319.1247550804823
363600.0;319.1111053307794
364500.0;319.0936569025705
365400.0;319.069377541184
366300.0;319.061098695612
367200.0;319.0493317435938
368100.0;319.03322685538075
369000.0;319.03077736237225
369900.0;319.02614167493425
370800.0;319.044064970951
371700.0;319.0401686126189
372600.0;319.0647813915297
373500.0;319.0498061939085
374400.0;319.07718674384887
375300.0;319.1275558474824
376200.0;319.1397165521988
377100.0;319.1361326065747
378000.0;319.1158690903115
378900.0;319.4347260714314
379800.0;319.6992253694133
380700.0;319.9591544679128
381600.0;320.18695648977615
382500.0;320.4097487083001
383400.0;320.62134653299665
384300.0;320.8290987720261
385200.0;321.04569849037904
386100.0;321.22238212966147
387000.0;321.42549124885016
387900.0;321.62809175405357
388800.0;321.8246231909545
389700.0;322.00465244562025
390600.0;322.17654390682685
391500.0;322.3515009287168
392400.0;322.45953445390955
393300.0;322.63492401611546
394200.0;322.80115974195576
395100.0;322.95650149281454
396000.0;323.1143120075164
396900.0;323.2519827341132
397800.0;323.3840662235817
398700.0;323.51305614747656
399600.0;323.6270936115659
400500.0;323.73236087306304
401400.0;323.8004157627486
402300.0;323.8418350998919
403200.0;323.87582351114423
404100.0;323.900123978121
405000.0;323.9340823494025
405900.0;323.96926810588695
406800.0;323.9858551287955
407700.0;324.00664645883535
408600.0;324.0367553936108
409500.0;324.0741650548395
410400.0;324.11944414283624
411300.0;323.93734982540497
412200.0;323.79575376845236
413100.0;323.67966678709183
414000.0;323.5769812654568
414900.0;323.48660416996717
415800.0;323.4019455655715
416700.0;323.32851289407637
417600.0;323.264438687068
418500.0;323.2017351064612
419400.0;323.1441537139709
420300.0;323.087866847757
421200.0;323.033089115628
422100.0;322.98328964857114
423000.0;322.9378829510211
423900.0;322.89643475740735
424800.0;322.85516662681795
425700.0;322.81771714501815
426600.0;322.78357687319243
427500.0;322.7523354545717
428400.0;322.72363594187453
429300.0;322.69714899986127
430200.0;322.66913243033576
431100.0;322.6432243352467
432000.0;322.6188967281518
432900.0;322.59571334413897
433800.0;322.57329032829847
434700.0;322.55127415934635
435600.0;322.5259033501243
436500.0;322.50080289413296
437400.0;322.4754386014349
438300.0;322.449375353512
439200.0;322.4222380748722
440100.0;322.3936896520643
441000.0;322.3634186779412
441900.0;322.33113293310487
442800.0;322.2965559348031
443700.0;322.25942559458923
444600.0;322.21606772869563
445500.0;322.1701972569203
446400.0;322.12137619850984
447300.0;322.0719125171043
448200.0;322.0316041876722
449100.0;321.99550101329237
450000.0;321.96983664686036
450900.0;321.94668906226514
451800.0;321.94102453537266
452700.0;321.9377480577448
453600.0;321.9202590186732
454500.0;321.9043480933015
455400.0;321.9076628847783
456300.0;321.8941499295717
457200.0;321.8704378439484
458100.0;321.8856814030353
459000.0;321.93349400691267
459900.0;321.9168064119143
460800.0;321.9250001319451
461700.0;321.9879366492469
462600.0;322.06887820980245
463500.0;322.15677756225546
464400.0;322.2300764746359
465300.0;322.3680336912155
466200.0;322.5944965224084
467100.0;322.8422864006986
468000.0;323.0537545510968
468900.0;323.27233992275075
469800.0;323.4987168487508
470700.0;323.70779809336835
471600.0;323.7772832920662
472500.0;323.9782250715127
473400.0;324.20980740818857
474300.0;324.4054977269543
475200.0;324.57869991335804
476100.0;324.7123758388248
477000.0;324.92586078192534
477900.0;325.06711734203964
478800.0;325.17416325718176
479700.0;325.3224840383332
480600.0;325.48392891766747
481500.0;325.6001767214874
482400.0;325.7747415119736
483300.0;325.92509257805574
484200.0;326.0579568159453
485100.0;326.1761236396107
486000.0;326.29641256296316
486900.0;326.4002408847564
487800.0;326.47520340550386
488700.0;326.54461331277156
489600.0;326.56205948985115
490500.0;326.66593870528635
491400.0;326.7441227889643
492300.0;326.7607989287396
493200.0;326.7921906826833
494100.0;326.84199183817395
495000.0;326.9088784873329
495900.0;326.94688738749693
496800.0;326.97976993161063
497700.0;326.78737998964186
498600.0;326.6299898224073
499500.0;326.5011330817281
500400.0;326.387434992543
501300.0;326.2870696324165
502200.0;326.1964491432019
503100.0;326.11346077794525
504000.0;326.03341076085303
504900.0;325.9594611088176
505800.0;325.89087661684744
506700.0;325.8271631288085
507600.0;325.76795864439976
508500.0;325.7129708053854
509400.0;325.6619410178894
510300.0;325.6146240951767
511200.0;325.5707769397252
512100.0;325.5335783106694
513000.0;325.4988248405437
513900.0;325.4664721395979
514800.0;325.4398009479835
515700.0;325.41122933679884
516600.0;325.3846793733742
517500.0;325.35978902756426
518400.0;325.33964516677213
519300.0;325.31654577907096
520200.0;325.2909117031621
521100.0;325.26628285114384
522000.0;325.2420730703595
522900.0;325.2178134312464
523800.0;325.19310437726875
524700.0;325.1675886553827
525600.0;325.14093622763005
526500.0;325.11283604597435
527400.0;325.0829917864068
528300.0;325.0476939217327
529200.0;325.01062002982275
530100.0;324.97129245260896
531000.0;324.92933829348647
531900.0;324.8844513847256
532800.0;324.83979650141083
533700.0;324.7960336338155
534600.0;324.7476031260361
535500.0;324.69739867590266
536400.0;324.65337332354875
537300.0;324.6114909309193
538200.0;324.5615584222064
539100.0;324.5121011595737
540000.0;324.47494405907145
540900.0;324.42205355534855
541800.0;324.40567249303626
542700.0;324.40611751129137
543600.0;324.3900712679222
544500.0;324.34636286378316
545400.0;324.285010964293
546300.0;324.2372105099588
547200.0;324.20574976858387
548100.0;324.1904907344574
549000.0;324.134119739793
549900.0;324.08981307271495
550800.0;324.0790693580254
551700.0;324.27073145373373
552600.0;324.3853891990965
553500.0;324.48261624819696
554400.0;324.56214928311357
555300.0;324.67955343199156
556200.0;324.8220593706335
557100.0;324.96414074435353
558000.0;325.1041357500093
558900.0;325.24643698018446
559800.0;325.5206590130316
560700.0;325.66473155626545
561600.0;325.6894186737938
562500.0;325.9046833607725
563400.0;325.9252804642025
564300.0;325.9452879903098
565200.0;326.0269559320746
566100.0;326.06961126513283
567000.0;326.11900213404743
567900.0;326.1926113191115
568800.0;326.2984725799721
569700.0;326.35939970592943
570600.0;326.379332993013
571500.0;326.40978975836794
572400.0;326.45351088217166
573300.0;326.5387289991378
574200.0;326.68389239532524
575100.0;326.8274362731871
576000.0;326.9366594237881
576900.0;327.0083299188577
577800.0;327.09599409203275
578700.0;327.1422525070339
579600.0;327.1679505417046
580500.0;327.1896672110024
581400.0;327.2191596262238
582300.0;327.2601607788043
583200.0;327.30871478103086
584100.0;327.12875930946205
585000.0;326.9950844352736
585900.0;326.8758206422359
586800.0;326.7715023073278
587700.0;326.6803849515203
588600.0;326.59892783782203
589500.0;326.5216195031475
590400.0;326.45115698169565
591300.0;326.3865439175743
592200.0;326.32714255837806
593100.0;326.27251509213585
594000.0;326.2223321696895
594900.0;326.17632031266777
595800.0;326.13080586191626
596700.0;326.08949898405615
597600.0;326.051941782145
598500.0;326.0177628168665
599400.0;325.98663585927795
600300.0;325.95825653341024
601200.0;325.93232920783436
602100.0;325.90855995867395
603000.0;325.88665311724475
603900.0;325.86630965515445
604800.0;325.8438009324897
605700.0;325.8227700366538
606600.0;325.80269006992336
607500.0;325.78312472108166
608400.0;325.76369061635603
609300.0;325.7440361104013
610200.0;325.7204035032153
611100.0;325.6964237969572
612000.0;325.6715711643258
612900.0;325.64542134769755
613800.0;325.61761250842085
614700.0;325.5878232669521
615600.0;325.5557603038006
616500.0;325.5211517635667
617400.0;325.4837438224615
618300.0;325.44329916861335
619200.0;325.3995964099933
620100.0;325.35133082831567
621000.0;325.31158209333466
621900.0;325.27594931007957
622800.0;325.2447529795819
623700.0;325.2198670627586
624600.0;325.1890769275627
625500.0;325.16729163721493
626400.0;325.15264843421824
627300.0;325.1290557850436
628200.0;325.07857006672117
629100.0;325.0283748151182
630000.0;324.9751633510519
630900.0;325.0116993774916
631800.0;325.04978592813006
632700.0;325.09742954386354
633600.0;325.0867598236087
634500.0;325.0242202252604
635400.0;325.0872410319075
636300.0;325.0651567908435
637200.0;325.1799789318523
638100.0;325.4563266460122
639000.0;325.7457472420888
639900.0;325.87153243756546
640800.0;325.93398111086714
641700.0;326.01734709063794
642600.0;326.0977664243766
643500.0;326.1571094762165
644400.0;326.2699613563763
645300.0;326.3853446676049
646200.0;326.5076031124892
647100.0;326.6089546854427
648000.0;326.78448401050514
648900.0;326.8547328662758
649800.0;326.9797110976026
650700.0;327.14992583999395
651600.0;327.2910193954448
652500.0;327.3099200812232
653400.0;327.3722370087919
654300.0;327.45068434853226
655200.0;327.5320368604506
656100.0;327.61584206685495
657000.0;327.74407596487663
657900.0;327.8002011768925
658800.0;327.94776090404696
659700.0;328.0412551581785
660600.0;328.08649247527165
661500.0;328.0862607038314
662400.0;328.11954843239437
663300.0;328.18426071222285
664200.0;328.2461060162598
665100.0;328.3164229325194
666000.0;328.399282787996
666900.0;328.48621037288217
667800.0;328.5518380742062
668700.0;328.60436902368036
669600.0;328.66890655455046
670500.0;328.4843304980334
671400.0;328.3341069715864
672300.0;328.2074825410341
673200.0;328.09765428466585
674100.0;328.0021001495138
675000.0;327.91340371518135
675900.0;327.83316836334063
676800.0;327.7563472222442
677700.0;327.68589803600173
678600.0;327.6209675024162
679500.0;327.5609931565858
680400.0;327.50557349037786
681300.0;327.45439333328386
682200.0;327.40718087321136
683100.0;327.36025730688976
684000.0;327.31732413148757
684900.0;327.2744871087558
685800.0;327.23531303745244
686700.0;327.19924661212127
687600.0;327.16584710759696
688500.0;327.1347366522379
689400.0;327.10557100848007
690300.0;327.0780230305855
691200.0;327.0517738250117
692100.0;327.023082034899
693000.0;326.9955827924773
693900.0;326.96874450275607
694800.0;326.9421286823055
695700.0;326.91535176639246
696600.0;326.8846375742856
697500.0;326.85360645356536
698400.0;326.8217263614933
699300.0;326.78856940184465
700200.0;326.75377171001475
701100.0;326.71701060809266
702000.0;326.6779920938421
702900.0;326.63644388856665
703800.0;326.59211187954577
704700.0;326.5447585958148
705600.0;326.4941625506427
706500.0;326.44011833286777
707400.0;326.37901092756834
708300.0;326.3146172847314
709200.0;326.2513095704185
710100.0;326.1807165492784
711000.0;326.11082853567575
711900.0;326.0348357116456
712800.0;325.9531143184609
713700.0;325.89238238060415
714600.0;325.8382438016106
715500.0;325.77484584394387
716400.0;325.70189109647157
717300.0;325.6594358692152
718200.0;325.59991540157745
719100.0;325.56334997039147
720000.0;325.57762998025936
720900.0;325.5500127816535
721800.0;325.45982922980903
722700.0;325.53401679443357
723600.0;325.6005288997702
724500.0;325.90596841127353
725400.0;325.98092877043996
726300.0;326.25850666279996
727200.0;326.2920069555241
728100.0;326.43725533942273
729000.0;326.71051107542206
729900.0;326.8012191291074
730800.0;326.79289893156664
731700.0;326.92451731385086
732600.0;327.1840147332178
733500.0;327.4106874849274
734400.0;327.5724181860229
735300.0;327.5660061836573
736200.0;327.5585438353343
737100.0;327.71014660834254
738000.0;327.93549461129015
738900.0;328.08525833887285
739800.0;328.22787124181747
740700.0;328.23592002798523
741600.0;328.3798016307475
742500.0;328.41187264329244
743400.0;328.59799503463023
744300.0;328.71821326206964
745200.0;328.77791019388076
746100.0;328.82264482829805
747000.0;328.9274225425961
747900.0;329.00142243330635
748800.0;329.0482531668003
749700.0;329.07251965210173
750600.0;329.11516262235676
751500.0;329.1378784221727
752400.0;329.15286378288243
753300.0;329.16577506450903
754200.0;329.19114115167815
755100.0;329.2218214248824
756000.0;329.2564819815459
756900.0;329.05644272338105
757800.0;328.90135152326843
758700.0;328.77110752258966
759600.0;328.6569644079613
760500.0;328.5517367757118
761400.0;328.4562063432158
762300.0;328.3648590505502
763200.0;328.28039045476095
764100.0;328.20180332340334
765000.0;328.1284593360939
765900.0;328.05992034063433
766800.0;327.99585676602163
767700.0;327.9359949598644
768600.0;327.8800871473849
769500.0;327.8278944019101
770400.0;327.77917719077726
771300.0;327.7336903929893
772200.0;327.68775482980266
773100.0;327.64505731659966
774000.0;327.6051080952973
774900.0;327.567501008072
775800.0;327.5318753879975
776700.0;327.4944686076213
777600.0;327.45890523502624
778500.0;327.42464827351665
779400.0;327.39125555949533
780300.0;327.3549138621675
781200.0;327.31921711404607
782100.0;327.2836115090843
783000.0;327.24422240718786
783900.0;327.20461316484864
784800.0;327.164218794839
785700.0;327.12259232470143
786600.0;327.0793587944208
787500.0;327.0341891696636
788400.0;326.9867856685099
789300.0;326.93344784126265
790200.0;326.877869364984
791100.0;326.8195934887806
792000.0;326.75827190884036
792900.0;326.69362582312954
793800.0;326.640237572111
794700.0;326.5960887729555
795600.0;326.55527513339763
796500.0;326.51486811273946
797400.0;326.4890837502954
798300.0;326.4699268476011
799200.0;326.4441355575828
800100.0;326.4134726498489
801000.0;326.40466781331975
801900.0;326.3998874274654
802800.0;326.3892757103476
803700.0;326.39491183888043
804600.0;326.3994485844398
805500.0;326.42410552684447
806400.0;326.47951515027825
807300.0;326.52929292041364
808200.0;326.4818479354367
809100.0;326.399030374457
810000.0;326.37481769912574
810900.0;326.6390356348426
811800.0;326.7740567861904
812700.0;326.9501293930074
813600.0;327.2175368970249
814500.0;327.45769403668646
815400.0;327.68360562541454
816300.0;327.890336883002
817200.0;328.0859868958775
818100.0;328.2819746466231
819000.0;328.46774811753414
819900.0;328.64672614167625
820800.0;328.8209352952924
821700.0;328.99470939859555
822600.0;329.16797660434247
823500.0;329.32986662450844
824400.0;329.4883694007791
825300.0;329.6425012846578
826200.0;329.7878254031998
827100.0;329.922762126081
828000.0;329.97643469974736
828900.0;329.9649911302286
829800.0;330.0161655745211
830700.0;330.1638310222643
831600.0;330.2900876615545
832500.0;330.3918453940959
833400.0;330.47441730967034
834300.0;330.5493539179511
835200.0;330.61724240297406
836100.0;330.6756265955844
837000.0;330.7432301065648
837900.0;330.8077229366308
838800.0;330.86992836379864
839700.0;330.92709562557667
840600.0;330.96938615823774
841500.0;331.0166908641301
842400.0;331.0626120597794
843300.0;330.8736037377288
844200.0;330.7212687926337
845100.0;330.58763931826536
846000.0;330.46908148943396
846900.0;330.3615736392982
847800.0;330.2649968684117
848700.0;330.1733163019834
849600.0;330.0889262271823
850500.0;330.007229183826
851400.0;329.9314351308017
852300.0;329.8608291337949
853200.0;329.7949215221202
854100.0;329.72992007458845
855000.0;329.6694724632857
855900.0;329.6130903236642
856800.0;329.5569638192643
857700.0;329.50471338158013
858600.0;329.4558190713704
859500.0;329.4064383670777
860400.0;329.36015979848474
861300.0;329.3164334037081
862200.0;329.27481538590365
863100.0;329.2349210266317
864000.0;329.1963980338203
864900.0;329.15548577743095
865800.0;329.1158081854567
866700.0;329.0768271722106
867600.0;329.038100477954
868500.0;328.9992422884208
869400.0;328.9599011543574
870300.0;328.9197476000844
871200.0;328.8750416200556
872100.0;328.82943041955616
873000.0;328.7789785202542
873900.0;328.72722804316544
874800.0;328.67361773054097
875700.0;328.6177207131954
876600.0;328.55919346471995
877500.0;328.4977467453607
878400.0;328.433129122654
879300.0;328.3699552105328
880200.0;328.3036772330956
881100.0;328.25046358591396
882000.0;328.1951337226339
882900.0;328.1495875892303
883800.0;328.1096090983413
884700.0;328.0746570243231
885600.0;328.0474883447632
886500.0;328.0241326912689
887400.0;327.9964355250584
888300.0;327.9780361294421
889200.0;327.9699921382512
890100.0;327.9716122753996
891000.0;327.9790635797297
891900.0;328.0012895176732
892800.0;328.0235991070351
893700.0;328.0581607821349
894600.0;328.10626595220634
895500.0;328.16141148894565
896400.0;328.1922564283043
897300.0;328.47750295628515
898200.0;328.72492497930506
899100.0;328.94838710729044
900000.0;329.16408787855426
900900.0;329.3733882491833
901800.0;329.57111956893056
902700.0;329.766884987588
903600.0;329.9702001138584
904500.0;330.15836838745315
905400.0;330.3472183713283
906300.0;330.52317651019456
907200.0;330.69978296758785
908100.0;330.8727259967746
909000.0;331.0356951573653
909900.0;331.1900741986928
910800.0;331.33648110751284
911700.0;331.48957931146776
912600.0;331.62589826019524
913500.0;331.7697776365974
914400.0;331.9160172364554
915300.0;332.0420651706642
916200.0;332.1648990230321
917100.0;332.276815508838
918000.0;332.36979080206277
918900.0;332.461565541746
919800.0;332.54141586557046
920700.0;332.6179496980634
921600.0;332.68721578746914
922500.0;332.7544027417558
923400.0;332.8211687394394
924300.0;332.8797869136102
925200.0;332.9471635078539
926100.0;333.0018449942745
927000.0;333.04949099808204
927900.0;333.0942924645999
928800.0;333.14830230004634
929700.0;332.9582530748918
930600.0;332.8043223064738
931500.0;332.6696018281601
932400.0;332.5468193463053
933300.0;332.4392052807432
934200.0;332.34240218701956
935100.0;332.25042619486527
936000.0;332.16570108279365
936900.0;332.0870724684631
937800.0;332.01038513454404
938700.0;331.93909738005084
939600.0;331.8726307106291
940500.0;331.80714152999406
941400.0;331.7462478245412
942300.0;331.6894439887081
943200.0;331.6363362936053
944100.0;331.5865903925446
945000.0;331.5364755052626
945900.0;331.4896485684858
946800.0;331.44560259499235
947700.0;331.4039213842079
948600.0;331.36081249195814
949500.0;331.3198849490732
950400.0;331.2805938964164
951300.0;331.24249326969573
952200.0;331.2051935480926
953100.0;331.16833787815955
954000.0;331.1315888274106
954900.0;331.0911952135863
955800.0;331.05078965345376
956700.0;331.00984448132124
957600.0;330.96793107694117
958500.0;330.9246812962075
959400.0;330.8797657742479
960300.0;330.83288185954586
961200.0;330.7837470285883
962100.0;330.72866966689116
963000.0;330.671348510897
963900.0;330.61132975908026
964800.0;330.5482668244926
965700.0;330.4853078662836
966600.0;330.4182730095366
967500.0;330.3570790650884
968400.0;330.2953357858438
969300.0;330.2178786047837
970200.0;330.1399258361877
971100.0;330.0933936371318
972000.0;330.0600013591232
972900.0;330.0636100867882
973800.0;329.9974265272712
974700.0;329.9588269556633
975600.0;329.8863385483015
976500.0;329.7942374138835
977400.0;329.7303555157071
978300.0;329.660972777942
979200.0;329.5754289971484
980100.0;329.6504011008523
981000.0;329.68561475193945
981900.0;329.676997695144
982800.0;329.55341244449033
983700.0;329.71018799543606
984600.0;329.97348586395054
985500.0;330.10373251339684
986400.0;330.31444542560615
987300.0;330.5616283259336
988200.0;330.78492166454424
989100.0;330.7912758556336
990000.0;331.0378165583382
990900.0;331.18489601697473
991800.0;331.39716091883344
992700.0;331.5656868861217
993600.0;331.7676001150552
994500.0;331.72303277815513
995400.0;331.7079001906642
996300.0;331.7158244810936
997200.0;331.699965213919
998100.0;331.9297336512123
999000.0;331.88940140317465
999900.0;331.95198889337246
1000800.0;331.94084614379824
1001700.0;331.9503933526611
1002600.0;332.0046111641718
1003500.0;332.05840791040333
1004400.0;332.0572548136542
1005300.0;332.1041177959468
1006200.0;332.11826783982497
1007100.0;332.13448393939467
1008000.0;332.1516241889019
1008900.0;332.20077048004214
1009800.0;332.2400472317438
1010700.0;332.2663755864305
1011600.0;332.28721388138473
1012500.0;332.3082430120651
1013400.0;332.3311033286608
1014300.0;332.3669870369558
1015200.0;332.4080042317692
1016100.0;332.2069015084806
1017000.0;332.0483142753517
1017900.0;331.90309536079235
1018800.0;331.7774330528654
1019700.0;331.6617296751007
1020600.0;331.55633536311785
1021500.0;331.45891249178834
1022400.0;331.3680632019314
1023300.0;331.2829252228792
1024200.0;331.19951228405654
1025100.0;331.12138037330857
1026000.0;331.0480075032683
1026900.0;330.9790087307484
1027800.0;330.91064589087915
1028700.0;330.84659180793216
1029600.0;330.7863669162983
1030500.0;330.7295872077392
1031400.0;330.6724931487819
1032300.0;330.61872508462676
1033200.0;330.5677663824388
1034100.0;330.5191952495528
1035000.0;330.4692159896686
1035900.0;330.42143575172184
1036800.0;330.3753085652412
1037700.0;330.3303877215181
1038600.0;330.28628331523606
1039500.0;330.242638225969
1040400.0;330.1991148724395
1041300.0;330.1553879872722
1042200.0;330.1111410957869
1043100.0;330.06606496347337
1044000.0;330.0198572720676
1044900.0;329.97222295237185
1045800.0;329.9228748960072
1046700.0;329.8715348381634
1047600.0;329.81793441395735
1048500.0;329.7618161109487
1049400.0;329.70293439938234
1050300.0;329.64105667507636
1051200.0;329.5759642654199
1052100.0;329.51009193004603
1053000.0;329.4450475702136
1053900.0;329.38857264332404
1054800.0;329.33624649192296
1055700.0;329.2876060622993
1056600.0;329.24360640677753
1057500.0;329.1978366169953
1058400.0;329.13340640476537
1059300.0;329.0937721433112
1060200.0;329.0501308676504
1061100.0;329.01925388413184
1062000.0;329.0091027885769
1062900.0;328.9923322077961
1063800.0;328.95339969963766
1064700.0;328.9689721009764
1065600.0;328.9892399603323
1066500.0;328.9814242595389
1067400.0;328.89330325172443
1068300.0;328.8563468749001
1069200.0;328.7216903371957
1070100.0;328.9638163064327
1071000.0;329.2438381687595
1071900.0;329.2937721936224
1072800.0;329.3349591200849
1073700.0;329.4932884433184
1074600.0;329.58140803896003
1075500.0;329.65566483803127
1076400.0;329.69512443548786
1077300.0;329.7197180840175
1078200.0;329.81980811478854
1079100.0;329.9549241456308
1080000.0;330.1702470930921
1080900.0;330.21465239772016
1081800.0;330.18062833038806
1082700.0;330.3053113019131
1083600.0;330.3113310598881
1084500.0;330.5219917359479
1085400.0;330.61275104029454
1086300.0;330.6598161824009
1087200.0;330.64533911162334
1088100.0;330.675849162825
1089000.0;330.6609463575356
1089900.0;330.68442642088957
1090800.0;330.70395849634093
1091700.0;330.70235066928416
1092600.0;330.7119408856467
1093500.0;330.72729002374035
1094400.0;330.72990100105415
1095300.0;330.75324411944524
1096200.0;330.78423424198303
1097100.0;330.8147563084885
1098000.0;330.83224841851575
1098900.0;330.85447269436327
1099800.0;330.88028797877405
1100700.0;330.90345083188157
1101600.0;330.9261254456658
1102500.0;330.7230942682235
1103400.0;330.57165771785037
1104300.0;330.4298193299152
1105200.0;330.303121599497
1106100.0;330.1897582936087
1107000.0;330.08615290517895
1107900.0;329.9867732459001
1108800.0;329.89430428939517
1109700.0;329.80774270147504
1110600.0;329.7264466330444
1111500.0;329.64654986622185
1112400.0;329.5716705891721
1113300.0;329.50131597603945
1114200.0;329.43511143738516
1115100.0;329.3727446934385
1116000.0;329.31393377007294
1116900.0;329.2584089698077
1117800.0;329.2024768677594
1118700.0;329.1498160178686
1119600.0;329.09993190550654
1120500.0;329.0524155723542
1121400.0;329.0069046820605
1122300.0;328.9596356616055
1123200.0;328.914232541388
