0.0,20.0,0.0,0.0
900.0,19.95683243368535,0.0,0.0
1800.0,19.920254849060882,0.0,0.0
2700.0,19.88751427907266,0.0,0.0
3600.0,19.8532815210649,0.0,0.0
4500.0,19.821248082119098,0.0,0.0
5400.0,19.790291609430312,0.0,0.0
6300.0,19.75998645382947,0.0,0.0
7200.0,19.73008732676442,0.0,0.0
8100.0,19.696825475035496,0.0,0.0
9000.0,19.664544936868424,0.0,0.0
9900.0,19.632636899098145,0.0,0.0
10800.0,19.600975457099423,0.0,0.0
11700.0,19.569508456168023,0.0,0.0
12600.0,19.53515223807915,0.0,0.0
13500.0,19.501004341699797,0.0,0.0
14400.0,19.467293374891938,0.0,0.0
15300.0,19.44469370318035,0.0,0.0
16200.0,19.428418149724166,0.0,0.0
17100.0,19.422756864781093,0.0,0.0
18000.0,19.426561590303038,0.0,0.0
18900.0,19.435352498939324,0.0,0.0
19800.0,19.459586044608727,0.0,0.0
20700.0,19.491011422352415,0.0,0.0
21600.0,19.535370632457557,0.0,0.0
22500.0,19.555654406616384,0.0,0.0
23400.0,19.591749118222197,0.0,0.0
24300.0,19.666770950937916,0.0,0.0
25200.0,19.73376970363381,0.0,0.0
26100.0,19.81409288420616,0.0,0.0
27000.0,19.909070298567826,0.0,0.0
27900.0,20.023090043945672,0.0,0.0
28800.0,20.149366130755993,0.0,0.0
29700.0,20.29082387267374,0.0,0.0
30600.0,20.446059650324855,0.0,0.0
31500.0,20.60698700896677,0.0,0.0
32400.0,20.77233126602863,0.0,0.0
33300.0,21.15129958382255,0.0,0.0
34200.0,21.49948813326,0.0,0.0
35100.0,21.83476943480491,0.0,0.0
36000.0,22.15535188292597,0.0,0.0
36900.0,22.482934553422183,0.0,0.0
37800.0,22.799686544228052,0.0,0.0
38700.0,23.120262278636233,0.0,0.0
39600.0,23.445408468273342,0.0,0.0
40500.0,23.761261960892853,0.0,0.0
41400.0,24.06123788757111,-54570.25478740769,-453.0399700553437
42300.0,24.26872721395216,-1451723.8308725643,-2806.682050422939
43200.0,24.357635333973008,-5275981.014966261,-5686.855135665683
44100.0,24.319930112733402,-11538469.86425351,-8100.079403243834
45000.0,24.203156557061106,-19537572.832791064,-9499.353036454877
45900.0,24.081311838007423,-28352874.253037095,-9948.494803625494
46800.0,23.983899124623292,-37226249.01127445,-9681.051889966515
47700.0,23.921383523457905,-45640155.520932056,-8981.01159064927
48600.0,23.913737040376816,-53405176.271030016,-8299.240523390521
49500.0,23.77169417124685,-60012012.193813026,-6321.435326052543
50400.0,23.734796973894845,-64724649.07638212,-4208.684166371371
51300.0,23.895636738885344,-68163667.62143931,-3630.804943909918
52200.0,23.92869936390713,-71176625.30926105,-3123.7252675387244
53100.0,23.972095608579195,-73891451.37366699,-2966.5675597716595
54000.0,24.061242196995067,-76799420.320282,-3567.5212431302884
54900.0,24.11399192027892,-80434255.6865717,-4525.952296650076
55800.0,24.09031201222058,-84832293.427617,-5192.226817359819
56700.0,24.08200046965669,-89801810.1711896,-5815.7090277772195
57600.0,24.05175611097883,-95219154.57545467,-6174.029715207602
58500.0,23.99346243833611,-100742205.67446525,-6040.809182058258
59400.0,23.95922281923555,-106023997.3760478,-5675.542434796069
60300.0,23.929654913971717,-110870841.97258237,-5088.237455200395
61200.0,23.926962773461867,-115184300.67339052,-4518.523245808519
62100.0,23.94063446378607,-119037394.13803439,-4077.8304450481432
63000.0,23.954929077316365,-122545456.36554603,-3748.2466607991532
63900.0,23.973352456036935,-125824679.90862575,-3567.363553300764
64800.0,23.982640029123502,-128974231.06762435,-3446.247057257254
65700.0,23.977348613254037,-128974231.06762435,0.0
66600.0,23.970406480988345,-128974231.06762435,0.0
67500.0,23.94893580405659,-128974231.06762435,0.0
68400.0,23.930469159633674,-128974231.06762435,0.0
69300.0,23.90020866466176,-128974231.06762435,0.0
70200.0,23.872508392344628,-128974231.06762435,0.0
71100.0,23.846794566144126,-128974231.06762435,0.0
72000.0,23.818813238130588,-128974231.06762435,0.0
72900.0,23.792056273272635,-128974231.06762435,0.0
73800.0,23.76602095347681,-128974231.06762435,0.0
74700.0,23.737306358860053,-128974231.06762435,0.0
75600.0,23.70910591632901,-128974231.06762435,0.0
76500.0,23.677944606269875,-128974231.06762435,0.0
77400.0,23.64766944579867,-128974231.06762435,0.0
78300.0,23.617879406767372,-128974231.06762435,0.0
79200.0,23.5883753928656,-128974231.06762435,0.0
80100.0,23.559093456407027,-128974231.06762435,0.0
81000.0,23.52689084416255,-128974231.06762435,0.0
81900.0,23.494936816497557,-128974231.06762435,0.0
82800.0,23.463398931799702,-128974231.06762435,0.0
83700.0,23.429026370106612,-128974231.06762435,0.0
84600.0,23.39500922886276,-128974231.06762435,0.0
85500.0,23.361454297205682,-128974231.06762435,0.0
86400.0,23.32817230282518,-128974231.06762435,0.0
87300.0,23.295096752168376,-128974231.06762435,0.0
88200.0,23.262172463174636,-128974231.06762435,0.0
89100.0,23.22936618521868,-128974231.06762435,0.0
90000.0,23.196657186533514,-128974231.06762435,0.0
90900.0,23.16092790681529,-128974231.06762435,0.0
91800.0,23.12543900127099,-128974231.06762435,0.0
92700.0,23.090345272570516,-128974231.06762435,0.0
93600.0,23.055514017945654,-128974231.06762435,0.0
94500.0,23.02086625171512,-128974231.06762435,0.0
95400.0,22.986364974233823,-128974231.06762435,0.0
96300.0,22.95197289785176,-128974231.06762435,0.0
97200.0,22.9145342690785,-128974231.06762435,0.0
98100.0,22.877402604430756,-128974231.06762435,0.0
99000.0,22.8406670166126,-128974231.06762435,0.0
99900.0,22.804177076916176,-128974231.06762435,0.0
100800.0,22.76787583844964,-128974231.06762435,0.0
101700.0,22.741728802274054,-128974231.06762435,0.0
102600.0,22.71806360184121,-128974231.06762435,0.0
103500.0,22.71078732359598,-128974231.06762435,0.0
104400.0,22.708781973578937,-128974231.06762435,0.0
105300.0,22.71740936174797,-128974231.06762435,0.0
106200.0,22.72507269860813,-128974231.06762435,0.0
107100.0,22.751759727075637,-128974231.06762435,0.0
108000.0,22.78853018388719,-128974231.06762435,0.0
108900.0,22.831032576187,-128974231.06762435,0.0
109800.0,22.879047215382684,-128974231.06762435,0.0
110700.0,22.945756250173076,-128974231.06762435,0.0
111600.0,23.023717515519763,-128974231.06762435,0.0
112500.0,23.111059894871175,-128974231.06762435,0.0
113400.0,23.202444356589638,-128974231.06762435,0.0
114300.0,23.310392134207973,-128974231.06762435,0.0
115200.0,23.440451568138087,-128974231.06762435,0.0
116100.0,23.586528441178757,-128974231.06762435,0.0
117000.0,23.739776440370917,-128974231.06762435,0.0
117900.0,23.896709914452515,-128974231.06762435,0.0
118800.0,24.057215023074548,-128974231.06762435,0.0
119700.0,24.19471804638937,-132674742.35526401,-5002.9359525541795
120600.0,24.23103557173232,-138018460.67778793,-6839.258388412009
121500.0,24.203728184030354,-144903727.30737612,-8373.308355714758
122400.0,24.141030884923794,-152937995.49605316,-9373.669360517331
123300.0,24.058282596291804,-161570157.64185134,-9706.1836758994
124200.0,23.99478239858007,-170273387.2812072,-9573.616422023757
125100.0,23.965014828291828,-178755324.96899825,-9258.705765728215
126000.0,23.957356614012895,-186931704.03955737,-8917.377333719747
126900.0,23.971961358792043,-194857265.35684448,-8720.380115082997
127800.0,23.99530927059709,-202692154.29748225,-8716.872358492827
128700.0,23.936007158761754,-210292815.57731572,-8135.202950399419
129600.0,23.943993056012744,-217408436.9217486,-7709.340075748645
130500.0,23.85711222981422,-223807982.5583996,-6474.617964742077
131400.0,23.915038500668572,-229330360.8776338,-5893.615872161002
132300.0,23.877530811500208,-234178884.58216095,-4887.664448927173
133200.0,23.872471753272123,-238112183.5087763,-3891.148353268208
134100.0,24.004387948410738,-241652808.3381789,-4112.371685985238
135000.0,23.997087036533685,-245341328.98751613,-4078.3926627238225
135900.0,24.099073639527887,-249390536.20590982,-4991.658951028136
136800.0,24.060783311407477,-254097472.98019758,-5408.14669943395
137700.0,24.014479651650163,-259007873.85106125,-5453.1882090675535
138600.0,23.962973716610804,-263770470.7820726,-5091.578342096142
139500.0,23.948330185189548,-268161387.20231238,-4669.439245422895
140400.0,23.924193396335966,-272083019.63010263,-4046.8084136388206
141300.0,23.98248448934197,-275671673.875239,-3993.866254533523
142200.0,24.04307766572856,-279434599.8626305,-4414.956701048549
143100.0,24.074589700955073,-283685904.2100337,-5038.718153723101
144000.0,24.027235102576867,-288313728.38557786,-5184.154865946667
144900.0,24.001931995978396,-292980408.0248879,-5161.761238507837
145800.0,23.987806914525606,-297578601.0935406,-5046.740020233689
146700.0,23.951181773246844,-301935636.70440745,-4615.361094261175
147600.0,23.94213163845768,-305876636.5855953,-4153.369522844201
148500.0,23.953443686991648,-309446831.3583534,-3808.210058735393
149400.0,23.978082432896997,-312798030.39974314,-3672.6903490206637
150300.0,23.989584948047877,-316067627.86566365,-3608.2507551789954
151200.0,23.997881519237467,-319309001.46562797,-3603.5451779538303
152100.0,23.99304050419829,-319309001.46562797,0.0
153000.0,23.9791140230991,-319309001.46562797,0.0
153900.0,23.961946031785317,-319309001.46562797,0.0
154800.0,23.942141339213435,-319309001.46562797,0.0
155700.0,23.918533703435003,-319309001.46562797,0.0
156600.0,23.89677589199198,-319309001.46562797,0.0
157500.0,23.8732600347343,-319309001.46562797,0.0
158400.0,23.850670448650362,-319309001.46562797,0.0
159300.0,23.828810871401913,-319309001.46562797,0.0
160200.0,23.804238852839887,-319309001.46562797,0.0
161100.0,23.777039039732244,-319309001.46562797,0.0
162000.0,23.747301952883618,-319309001.46562797,0.0
162900.0,23.71863081276274,-319309001.46562797,0.0
163800.0,23.6905938336472,-319309001.46562797,0.0
164700.0,23.659684295039995,-319309001.46562797,0.0
165600.0,23.62944981239292,-319309001.46562797,0.0
166500.0,23.599711198075624,-319309001.46562797,0.0
167400.0,23.57028702862158,-319309001.46562797,0.0
168300.0,23.538031548613617,-319309001.46562797,0.0
169200.0,23.506021307091373,-319309001.46562797,0.0
170100.0,23.474455934271305,-319309001.46562797,0.0
171000.0,23.443137812606665,-319309001.46562797,0.0
171900.0,23.412016666116926,-319309001.46562797,0.0
172800.0,23.377881860346747,-319309001.46562797,0.0
173700.0,23.34408130988345,-319309001.46562797,0.0
174600.0,23.310724640347303,-319309001.46562797,0.0
175500.0,23.277613873852545,-319309001.46562797,0.0
176400.0,23.244677266132783,-319309001.46562797,0.0
177300.0,23.2118679097764,-319309001.46562797,0.0
178200.0,23.179170139491987,-319309001.46562797,0.0
179100.0,23.14657021256926,-319309001.46562797,0.0
180000.0,23.1140577040498,-319309001.46562797,0.0
180900.0,23.081625755160474,-319309001.46562797,0.0
181800.0,23.04615588135715,-319309001.46562797,0.0
182700.0,23.010938827840334,-319309001.46562797,0.0
183600.0,22.97614555309383,-319309001.46562797,0.0
184500.0,22.941579311843896,-319309001.46562797,0.0
185400.0,22.907176557657237,-319309001.46562797,0.0
186300.0,22.872911749511047,-319309001.46562797,0.0
187200.0,22.838763166935053,-319309001.46562797,0.0
188100.0,22.81061325167701,-319309001.46562797,0.0
189000.0,22.78790821869245,-319309001.46562797,0.0
189900.0,22.77443178668767,-319309001.46562797,0.0
190800.0,22.76705188881982,-319309001.46562797,0.0
191700.0,22.76991500230315,-319309001.46562797,0.0
192600.0,22.77930468998261,-319309001.46562797,0.0
193500.0,22.79530197866518,-319309001.46562797,0.0
194400.0,22.81792730271735,-319309001.46562797,0.0
195300.0,22.84799246744666,-319309001.46562797,0.0
196200.0,22.88885686186211,-319309001.46562797,0.0
197100.0,22.936303479785124,-319309001.46562797,0.0
198000.0,22.98958836336857,-319309001.46562797,0.0
198900.0,23.058704066718235,-319309001.46562797,0.0
199800.0,23.138295676365033,-319309001.46562797,0.0
200700.0,23.235183881694752,-319309001.46562797,0.0
201600.0,23.34762858355009,-319309001.46562797,0.0
202500.0,23.47129879098577,-319309001.46562797,0.0
203400.0,23.611234617860646,-319309001.46562797,0.0
204300.0,23.749175658837373,-319309001.46562797,0.0
205200.0,23.90522644708534,-319309001.46562797,0.0
206100.0,24.08765678648956,-322007164.92129797,-3547.9188916773724
207000.0,24.19923464661713,-325935674.9788396,-5242.053091675294
207900.0,24.221299618735202,-331456060.4377459,-6982.2581220743095
208800.0,24.183125857870493,-338393485.88618684,-8341.519059014687
209700.0,24.105523536778037,-346267631.8881523,-9045.75358131237
210600.0,24.035094796015983,-354521557.6819918,-9215.344136396105
211500.0,23.989414521398885,-362766513.8186068,-9066.416383613678
212400.0,23.958557199560857,-370770629.2180031,-8701.854489788233
213300.0,23.963102398284832,-378467185.4854697,-8421.022875638628
214200.0,23.97761916802699,-385967616.07836574,-8268.573540208774
215100.0,23.99244238312656,-393384992.1524879,-8231.561057763323
216000.0,24.000055422968558,-400795930.66784155,-8243.496924608131
216900.0,23.996672924776533,-408201780.49708045,-8212.392008225777
217800.0,24.000139502139916,-415593577.93132865,-8217.889575646272
218700.0,23.99349167646278,-422964092.53324777,-8157.376749977675
219600.0,23.98908700676401,-430265410.07411504,-8066.642837832422
220500.0,23.978351536893797,-437445864.9187067,-7884.451999082475
221400.0,23.971544776942494,-444436851.81203145,-7653.897562694563
222300.0,23.968728412675034,-451211428.98622245,-7407.753512353099
223200.0,23.971287130718906,-457774075.5328833,-7188.506722953843
224100.0,23.970424015576043,-464136708.8485667,-6958.576837398173
225000.0,23.9698329575279,-470289879.5173004,-6724.081616480485
225900.0,23.974512651195198,-476249427.50762457,-6532.88949382389
226800.0,23.96864658234705,-482013820.324254,-6281.353561164506
227700.0,23.95892199042919,-487514932.81435823,-5948.224573857017
228600.0,23.95775377984188,-492713829.7548198,-5618.456075690692
229500.0,23.957483251238102,-497615294.47282636,-5288.087894583692
230400.0,23.9637476869471,-502243226.42291474,-5015.422411178189
231300.0,23.972073980651544,-506657121.5221015,-4810.826467736051
232200.0,23.976835599358935,-510903350.68088794,-4637.85326538545
233100.0,23.98020162639301,-515006192.3796028,-4489.241705615982
234000.0,23.977038824840804,-518962184.44006026,-4306.44718922269
234900.0,23.97435618906593,-522744118.4347194,-4103.670038095847
235800.0,23.97265671336413,-526337516.2912244,-3889.1019814916694
236700.0,23.969412793310426,-529725024.74751145,-3646.58636422821
237600.0,23.970880825527104,-532900867.05860204,-3422.5562478936968
238500.0,23.952071446252944,-532900867.05860204,0.0
239400.0,23.936123831321822,-532900867.05860204,0.0
240300.0,23.91332252162698,-532900867.05860204,0.0
241200.0,23.881044149335594,-532900867.05860204,0.0
242100.0,23.851386228470233,-532900867.05860204,0.0
243000.0,23.823632841103574,-532900867.05860204,0.0
243900.0,23.793678992975117,-532900867.05860204,0.0
244800.0,23.764807369738605,-532900867.05860204,0.0
245700.0,23.736659169063216,-532900867.05860204,0.0
246600.0,23.70569373213243,-532900867.05860204,0.0
247500.0,23.675392814445104,-532900867.05860204,0.0
248400.0,23.645566503027965,-532900867.05860204,0.0
249300.0,23.616040620027036,-532900867.05860204,0.0
250200.0,23.586716951487688,-532900867.05860204,0.0
251100.0,23.557529887327803,-532900867.05860204,0.0
252000.0,23.525328514858188,-532900867.05860204,0.0
252900.0,23.493413415074656,-532900867.05860204,0.0
253800.0,23.461919806742515,-532900867.05860204,0.0
254700.0,23.43066418001223,-532900867.05860204,0.0
255600.0,23.399590276581762,-532900867.05860204,0.0
256500.0,23.365375007621708,-532900867.05860204,0.0
257400.0,23.33162524991775,-532900867.05860204,0.0
258300.0,23.29830759760688,-532900867.05860204,0.0
259200.0,23.265231897955744,-532900867.05860204,0.0
260100.0,23.232331172422334,-532900867.05860204,0.0
261000.0,23.19957019869031,-532900867.05860204,0.0
261900.0,23.166911834706923,-532900867.05860204,0.0
262800.0,23.134339163293816,-532900867.05860204,0.0
263700.0,23.098832562581208,-532900867.05860204,0.0
264600.0,23.063463932888453,-532900867.05860204,0.0
265500.0,23.02852312149605,-532900867.05860204,0.0
266400.0,22.9938206155108,-532900867.05860204,0.0
267300.0,22.959305078785803,-532900867.05860204,0.0
268200.0,22.924931697803913,-532900867.05860204,0.0
269100.0,22.890671455715562,-532900867.05860204,0.0
270000.0,22.85651044670402,-532900867.05860204,0.0
270900.0,22.82243674041382,-532900867.05860204,0.0
271800.0,22.78844512994209,-532900867.05860204,0.0
272700.0,22.754532262774546,-532900867.05860204,0.0
273600.0,22.720696277436275,-532900867.05860204,0.0
274500.0,22.701443777516943,-532900867.05860204,0.0
275400.0,22.67673052592602,-532900867.05860204,0.0
276300.0,22.66138934736233,-532900867.05860204,0.0
277200.0,22.663603190268475,-532900867.05860204,0.0
278100.0,22.671773109828905,-532900867.05860204,0.0
279000.0,22.688922685787816,-532900867.05860204,0.0
279900.0,22.70929302387293,-532900867.05860204,0.0
280800.0,22.739456076875115,-532900867.05860204,0.0
281700.0,22.778895700380076,-532900867.05860204,0.0
282600.0,22.827574528323908,-532900867.05860204,0.0
283500.0,22.8881708750514,-532900867.05860204,0.0
284400.0,22.968773161168713,-532900867.05860204,0.0
285300.0,23.04940436506581,-532900867.05860204,0.0
286200.0,23.138307432185854,-532900867.05860204,0.0
287100.0,23.245528658095736,-532900867.05860204,0.0
288000.0,23.371765628519483,-532900867.05860204,0.0
288900.0,23.510613147814297,-532900867.05860204,0.0
289800.0,23.66079131031381,-532900867.05860204,0.0
290700.0,23.815272681198792,-532900867.05860204,0.0
291600.0,23.979113321285865,-532900867.05860204,0.0
292500.0,24.140919786182792,-536091756.1692846,-4267.484066302707
293400.0,24.22345961765933,-540751665.4203644,-6108.6448001710105
294300.0,24.216990903336125,-547031941.4708914,-7775.457420113612
295200.0,24.162446431294825,-554605449.7655902,-8951.53071436122
296100.0,24.087294014988515,-562962751.0679743,-9518.090655220514
297000.0,24.0198854906983,-571586668.8092583,-9573.89170048153
297900.0,23.980632973519278,-580123960.0410833,-9366.482381956499
298800.0,23.964743651198717,-588421978.2703547,-9070.098508606508
299700.0,23.960329681454766,-596441019.3820634,-8757.3199449034
300600.0,23.964412175588734,-604192754.6343952,-8488.090254879306
301500.0,23.976081436743584,-611747327.7880409,-8319.530400399362
302400.0,23.98364849507749,-619178200.6664561,-8204.737415789497
303300.0,24.001377805682637,-626569113.431586,-8239.386368419331
304200.0,24.009664468364633,-634021787.2692196,-8326.558865493851
305100.0,24.00439231901754,-641531985.3938599,-8354.095579487288
306000.0,23.99592268337966,-649033543.8318778,-8309.803943367053
306900.0,23.980720026227004,-656440224.771984,-8139.234350166304
307800.0,23.96581944608937,-663637482.4530028,-7852.11347339753
308700.0,23.96472131819496,-670575696.0087988,-7576.973039890592
309600.0,23.966382176691923,-677273706.4045136,-7319.3365678650225
310500.0,23.968675576243584,-683748108.8879907,-7080.198707659037
311400.0,23.970353068566908,-690013159.6080587,-6853.075265403448
312300.0,23.96867853908435,-696067164.4603552,-6608.189041438519
313200.0,23.96946770850991,-701903336.2428776,-6372.36556243414
314100.0,23.96229547432148,-707499235.1549562,-6069.208403624832
315000.0,23.95863788139934,-712808950.1540331,-5742.03902084712
315900.0,23.960561146346436,-717833152.2518963,-5438.556664915813
316800.0,23.959465763224955,-722579039.9739631,-5121.710389383913
317700.0,23.96754561523204,-727071638.0012362,-4881.292787315257
318600.0,23.97198933982071,-731364035.4364947,-4670.674461813073
319500.0,23.978672053055107,-735491037.4832866,-4514.605025136329
320400.0,23.97876538403972,-739477105.5460894,-4350.156483944689
321300.0,23.976472494639154,-743306401.9111277,-4164.5419159009125
322200.0,23.9774994863522,-746972271.5071471,-3991.0437811729876
323100.0,23.971507489092346,-750458823.6233432,-3760.9790430676617
324000.0,23.969748956216222,-753732652.9702519,-3523.3503838004
324900.0,23.962346706355902,-753732652.9702519,0.0
325800.0,23.948134874196285,-753732652.9702519,0.0
326700.0,23.925711865227072,-753732652.9702519,0.0
327600.0,23.892708221260364,-753732652.9702519,0.0
328500.0,23.86398795574098,-753732652.9702519,0.0
329400.0,23.837265691729442,-753732652.9702519,0.0
330300.0,23.808343964109554,-753732652.9702519,0.0
331200.0,23.780542291658776,-753732652.9702519,0.0
332100.0,23.75340734203553,-753732652.9702519,0.0
333000.0,23.723590256020543,-753732652.9702519,0.0
333900.0,23.694264924044546,-753732652.9702519,0.0
334800.0,23.66543775079441,-753732652.9702519,0.0
335700.0,23.63691215662726,-753732652.9702519,0.0
336600.0,23.605525202645936,-753732652.9702519,0.0
337500.0,23.57441951579085,-753732652.9702519,0.0
338400.0,23.54374718194049,-753732652.9702519,0.0
339300.0,23.513354739724264,-753732652.9702519,0.0
340200.0,23.483153227662058,-753732652.9702519,0.0
341100.0,23.449973383744577,-753732652.9702519,0.0
342000.0,23.41708546057737,-753732652.9702519,0.0
342900.0,23.384625943732033,-753732652.9702519,0.0
343800.0,23.352400153556516,-753732652.9702519,0.0
344700.0,23.320358804848297,-753732652.9702519,0.0
345600.0,23.28845725678258,-753732652.9702519,0.0
346500.0,23.256666507527143,-753732652.9702519,0.0
347400.0,23.224969367449376,-753732652.9702519,0.0
348300.0,23.190293920105773,-753732652.9702519,0.0
349200.0,23.155802404156532,-753732652.9702519,0.0
350100.0,23.12172971143366,-753732652.9702519,0.0
351000.0,23.087893043359884,-753732652.9702519,0.0
351900.0,23.05424281974939,-753732652.9702519,0.0
352800.0,23.020728787268126,-753732652.9702519,0.0
353700.0,22.98420649635824,-753732652.9702519,0.0
354600.0,22.947955982012672,-753732652.9702519,0.0
355500.0,22.912127617524163,-753732652.9702519,0.0
356400.0,22.87654706764289,-753732652.9702519,0.0
357300.0,22.84115668067409,-753732652.9702519,0.0
358200.0,22.805911373944127,-753732652.9702519,0.0
359100.0,22.770779544176435,-753732652.9702519,0.0
360000.0,22.735747249620943,-753732652.9702519,0.0
360900.0,22.705080883155404,-753732652.9702519,0.0
361800.0,22.683949388895996,-753732652.9702519,0.0
362700.0,22.670102036344815,-753732652.9702519,0.0
363600.0,22.67342731640514,-753732652.9702519,0.0
364500.0,22.677743743987662,-753732652.9702519,0.0
365400.0,22.679446316292683,-753732652.9702519,0.0
366300.0,22.700975771185824,-753732652.9702519,0.0
367200.0,22.724110234909688,-753732652.9702519,0.0
368100.0,22.74753600698233,-753732652.9702519,0.0
369000.0,22.789242485321722,-753732652.9702519,0.0
369900.0,22.8333153068844,-753732652.9702519,0.0
370800.0,22.903684419089984,-753732652.9702519,0.0
371700.0,22.95836995248976,-753732652.9702519,0.0
372600.0,23.044481757684707,-753732652.9702519,0.0
373500.0,23.09746425977488,-753732652.9702519,0.0
374400.0,23.194528989440755,-753732652.9702519,0.0
375300.0,23.31919896326366,-753732652.9702519,0.0
376200.0,23.41273961084238,-753732652.9702519,0.0
377100.0,23.49340767289641,-753732652.9702519,0.0
378000.0,23.561484696508614,-753732652.9702519,0.0
378900.0,23.900232889387098,-754360656.1462789,-744.5673893034303
379800.0,24.157311364770294,-755639417.744058,-2320.2196819454944
380700.0,24.305734135397927,-758858021.9320108,-4892.865263531301
381600.0,24.31010002313127,-764385211.6906435,-7296.857620430201
382500.0,24.234226056145474,-771784810.8758824,-8998.25820489086
383400.0,24.121173768631706,-780300082.0737493,-9772.819867809176
384300.0,24.019732950825414,-789146000.7080508,-9778.434688284058
385200.0,23.963321963812973,-797800401.4811218,-9411.622903026991
386100.0,23.91267605625302,-805944563.6232127,-8663.020406971156
387000.0,23.928253688617758,-813482300.9044049,-8128.639560990251
387900.0,23.96209097592316,-820666555.5868282,-7883.38662733707
388800.0,23.992239897923184,-827739400.9383842,-7866.720490725382
389700.0,24.0019617373174,-834829747.4699641,-7896.890818142588
390600.0,24.00067474442244,-841938759.37962,-7899.869082078577
391500.0,24.00143938850391,-849053134.4356477,-7911.280993322523
392400.0,23.94794763947948,-855972843.0524832,-7430.167558077826
393300.0,23.977348956697085,-862581493.4856005,-7294.876346830901
394200.0,23.99687594373904,-869139764.7644833,-7299.000249108445
395100.0,24.001128522800855,-875714161.233595,-7314.092052741662
396000.0,24.003872068719886,-882310965.8500545,-7347.602844172885
396900.0,23.98712432925379,-888873646.4400166,-7223.619459019146
397800.0,23.972679761190307,-895272402.1254799,-6990.752310140913
398700.0,23.965866269636876,-901439094.5197124,-6716.783481791209
399600.0,23.956174563686034,-907323027.2694167,-6363.252250725282
400500.0,23.95136888449298,-912871909.5954754,-5979.210216983072
401400.0,23.928178775543813,-917988145.719059,-5389.647544713832
402300.0,23.90559954910708,-922489491.0434101,-4624.0323718547315
403200.0,23.904590437707554,-926301765.6474128,-3881.1669668007125
404100.0,23.916472162606624,-929491178.6572402,-3248.9050687409595
405000.0,23.948724315253514,-932233280.8120987,-2896.3069296297485
405900.0,23.979382167669144,-934769847.0072794,-2779.4876791909046
406800.0,23.984716680025713,-937216695.3142254,-2668.341243004822
407700.0,23.989213983522575,-939578797.3480587,-2590.138301099223
408600.0,23.996957335023183,-941898896.0413882,-2576.30675007982
409500.0,24.00400921804254,-944232478.8339118,-2616.5315382883346
410400.0,24.00947325522492,-946621832.3576202,-2696.839498939072
411300.0,23.96316743287781,-946621832.3576202,0.0
412200.0,23.925051580590832,-946621832.3576202,0.0
413100.0,23.89169749440032,-946621832.3576202,0.0
414000.0,23.857915708931728,-946621832.3576202,0.0
414900.0,23.826043630940433,-946621832.3576202,0.0
415800.0,23.79240084989044,-946621832.3576202,0.0
416700.0,23.762795780318697,-946621832.3576202,0.0
417600.0,23.737167430096974,-946621832.3576202,0.0
418500.0,23.707986302838265,-946621832.3576202,0.0
419400.0,23.67891751411662,-946621832.3576202,0.0
420300.0,23.64665979270069,-946621832.3576202,0.0
421200.0,23.611869959118224,-946621832.3576202,0.0
422100.0,23.577814074493062,-946621832.3576202,0.0
423000.0,23.544336665439232,-946621832.3576202,0.0
423900.0,23.511202649604513,-946621832.3576202,0.0
424800.0,23.475231304832903,-946621832.3576202,0.0
425700.0,23.43957832380346,-946621832.3576202,0.0
426600.0,23.404378839250967,-946621832.3576202,0.0
427500.0,23.36947216122593,-946621832.3576202,0.0
428400.0,23.334772054497023,-946621832.3576202,0.0
429300.0,23.30022432106398,-946621832.3576202,0.0
430200.0,23.262712502083332,-946621832.3576202,0.0
431100.0,23.22543025564437,-946621832.3576202,0.0
432000.0,23.188558626669987,-946621832.3576202,0.0
432900.0,23.15195831847626,-946621832.3576202,0.0
433800.0,23.11555503445925,-946621832.3576202,0.0
434700.0,23.079296559877207,-946621832.3576202,0.0
435600.0,23.040039270682257,-946621832.3576202,0.0
436500.0,23.0010735110381,-946621832.3576202,0.0
437400.0,22.962527648774255,-946621832.3576202,0.0
438300.0,22.924218952253966,-946621832.3576202,0.0
439200.0,22.88610671298062,-946621832.3576202,0.0
440100.0,22.848143374151277,-946621832.3576202,0.0
441000.0,22.810308080464097,-946621832.3576202,0.0
441900.0,22.7725778969384,-946621832.3576202,0.0
442800.0,22.734942206634628,-946621832.3576202,0.0
443700.0,22.697397408849156,-946621832.3576202,0.0
444600.0,22.65679629882777,-946621832.3576202,0.0
445500.0,22.61649876956244,-946621832.3576202,0.0
446400.0,22.576608940826986,-946621832.3576202,0.0
447300.0,22.53935316661608,-946621832.3576202,0.0
448200.0,22.514692381366046,-946621832.3576202,0.0
449100.0,22.498316203500224,-946621832.3576202,0.0
450000.0,22.496130641529817,-946621832.3576202,0.0
450900.0,22.50103895096595,-946621832.3576202,0.0
451800.0,22.52741145989097,-946621832.3576202,0.0
452700.0,22.56088435786569,-946621832.3576202,0.0
453600.0,22.585286806023817,-946621832.3576202,0.0
454500.0,22.615544812706048,-946621832.3576202,0.0
455400.0,22.668855523949446,-946621832.3576202,0.0
456300.0,22.711081770583064,-946621832.3576202,0.0
457200.0,22.74755608175144,-946621832.3576202,0.0
458100.0,22.82667332657735,-946621832.3576202,0.0
459000.0,22.94195135775226,-946621832.3576202,0.0
459900.0,23.0005538492494,-946621832.3576202,0.0
460800.0,23.085577555976556,-946621832.3576202,0.0
461700.0,23.228895303588217,-946621832.3576202,0.0
462600.0,23.396207220879944,-946621832.3576202,0.0
463500.0,23.574063490568165,-946621832.3576202,0.0
464400.0,23.741920106773875,-946621832.3576202,0.0
465300.0,23.870126050177134,-947848084.2689778,-1042.1591531915292
466200.0,24.098348716967394,-949170616.725952,-2115.992430143112
467100.0,24.265017575929164,-952060393.9883022,-4399.220134872071
468000.0,24.290000696699224,-957073615.8686069,-6676.676744578085
468900.0,24.242789596918442,-963952085.3368459,-8485.91501215579
469800.0,24.161151071780466,-972155977.854339,-9613.981647589615
470700.0,24.059806608896906,-981006839.7465378,-9932.027979475088
471600.0,23.87352812383085,-989448536.5232694,-8683.00732655468
472500.0,23.891920372018603,-996871509.6281972,-7870.295254836489
473400.0,23.96664478297879,-1003847057.0062963,-7718.713773660506
474300.0,24.002758808368696,-1010812961.0711869,-7793.734143688152
475200.0,24.00915298076154,-1017862511.6438074,-7874.335708881612
476100.0,23.979241317460094,-1024868770.0884922,-7670.834150844793
477000.0,24.0267500877099,-1031874691.5640261,-7942.933631866176
477900.0,23.996532400613205,-1039005473.5010688,-7873.086130783059
478800.0,23.948396389038635,-1045894099.9344876,-7403.671007007355
479700.0,23.961139972464025,-1052416510.3470222,-7119.147715770342
480600.0,23.99089552497776,-1058794854.7435253,-7090.079799112781
481500.0,23.97722529150667,-1065092475.5684464,-6895.479356564737
482400.0,24.017657359526936,-1071369896.416704,-7089.927923140562
483300.0,24.0204284874294,-1077826522.472421,-7252.854466371914
484200.0,24.000826156862786,-1084354689.4599297,-7232.143860702502
485100.0,23.973000262585174,-1090758611.3356266,-6981.6001112292115
486000.0,23.96113211574516,-1096898299.62695,-6663.232382646279
486900.0,23.948468792843187,-1102706668.9637823,-6246.722282569382
487800.0,23.927367050375835,-1108059277.9093537,-5652.4458197820695
488700.0,23.92427238282096,-1112870247.7582695,-5060.840279513948
489600.0,23.896978239525254,-1117047295.7670968,-4224.847369261386
490500.0,23.968375836635232,-1120745614.7240937,-4080.0018081108415
491400.0,24.001487118437865,-1124430215.3244853,-4139.593091900969
492300.0,23.96839809841964,-1128033502.6641886,-3845.948920781576
493200.0,23.959235649399375,-1131342641.5668552,-3514.8569656257373
494100.0,23.973513483564716,-1134409932.5138903,-3327.888891789833
495000.0,23.99949899409978,-1137406282.1336203,-3359.630019891831
495900.0,23.989957657920286,-1140390920.1782258,-3267.373140674984
496800.0,23.976713488229223,-1143243432.5424576,-3066.993599530851
497700.0,23.939496655160383,-1143243432.5424576,0.0
498600.0,23.899697739958924,-1143243432.5424576,0.0
499500.0,23.864200001640143,-1143243432.5424576,0.0
500400.0,23.828021805831213,-1143243432.5424576,0.0
501300.0,23.793882129935923,-1143243432.5424576,0.0
502200.0,23.760993874690826,-1143243432.5424576,0.0
503100.0,23.7288588529658,-1143243432.5424576,0.0
504000.0,23.6940209785775,-1143243432.5424576,0.0
504900.0,23.65974795696974,-1143243432.5424576,0.0
505800.0,23.62593828297821,-1143243432.5424576,0.0
506700.0,23.592455176468718,-1143243432.5424576,0.0
507600.0,23.55921566293307,-1143243432.5424576,0.0
508500.0,23.52613588235414,-1143243432.5424576,0.0
509400.0,23.493177232341907,-1143243432.5424576,0.0
510300.0,23.46032400258315,-1143243432.5424576,0.0
511200.0,23.427559167898437,-1143243432.5424576,0.0
512100.0,23.397952188108377,-1143243432.5424576,0.0
513000.0,23.368298064799262,-1143243432.5424576,0.0
513900.0,23.338373807252538,-1143243432.5424576,0.0
514800.0,23.311788454726184,-1143243432.5424576,0.0
515700.0,23.281452471253772,-1143243432.5424576,0.0
516600.0,23.251064890903194,-1143243432.5424576,0.0
517500.0,23.220846113786536,-1143243432.5424576,0.0
518400.0,23.19388137741265,-1143243432.5424576,0.0
519300.0,23.163570574658763,-1143243432.5424576,0.0
520200.0,23.130198227420237,-1143243432.5424576,0.0
521100.0,23.097246365461785,-1143243432.5424576,0.0
522000.0,23.064762444912617,-1143243432.5424576,0.0
522900.0,23.032574597989765,-1143243432.5424576,0.0
523800.0,23.00059167721082,-1143243432.5424576,0.0
524700.0,22.968756809349145,-1143243432.5424576,0.0
525600.0,22.937038230446547,-1143243432.5424576,0.0
526500.0,22.905413318947865,-1143243432.5424576,0.0
527400.0,22.873874458149828,-1143243432.5424576,0.0
528300.0,22.839305895662733,-1143243432.5424576,0.0
529200.0,22.804969914025207,-1143243432.5424576,0.0
530100.0,22.771029319041133,-1143243432.5424576,0.0
531000.0,22.737348760754912,-1143243432.5424576,0.0
531900.0,22.703849153105352,-1143243432.5424576,0.0
532800.0,22.673556321503952,-1143243432.5424576,0.0
533700.0,22.647766610622227,-1143243432.5424576,0.0
534600.0,22.62135696022824,-1143243432.5424576,0.0
535500.0,22.5970479206062,-1143243432.5424576,0.0
536400.0,22.582357754380155,-1143243432.5424576,0.0
537300.0,22.574470476253452,-1143243432.5424576,0.0
538200.0,22.563110125761455,-1143243432.5424576,0.0
539100.0,22.556410598903426,-1143243432.5424576,0.0
540000.0,22.565907408844737,-1143243432.5424576,0.0
540900.0,22.56539254973916,-1143243432.5424576,0.0
541800.0,22.60370074430716,-1143243432.5424576,0.0
542700.0,22.664227861269353,-1143243432.5424576,0.0
543600.0,22.714145809993568,-1143243432.5424576,0.0
544500.0,22.741647155583735,-1143243432.5424576,0.0
545400.0,22.755450937773162,-1143243432.5424576,0.0
546300.0,22.786340797828245,-1143243432.5424576,0.0
547200.0,22.837637380210197,-1143243432.5424576,0.0
548100.0,22.909490154980745,-1143243432.5424576,0.0
549000.0,22.946324130072696,-1143243432.5424576,0.0
549900.0,22.99721560302379,-1143243432.5424576,0.0
550800.0,23.085554663169376,-1143243432.5424576,0.0
551700.0,23.34770821433068,-1143243432.5424576,0.0
552600.0,23.54243397995606,-1143243432.5424576,0.0
553500.0,23.724768278845204,-1143243432.5424576,0.0
554400.0,23.89463583009541,-1143243432.5424576,0.0
555300.0,24.094557500910867,-1143415320.3704631,-723.1443294798167
556200.0,24.239263544374637,-1144952307.2073147,-2773.7917008230907
557100.0,24.279223073179082,-1148464648.5409474,-4987.742972467315
558000.0,24.23487896339526,-1153793696.313133,-6738.7573935267255
558900.0,24.150468587960802,-1160386149.8460588,-7780.333310428528
559800.0,24.166643498583767,-1167996811.276999,-9094.57859562837
560700.0,24.041560696254123,-1176314480.0170758,-9241.480379037566
561600.0,23.85569725884187,-1184069815.1017497,-7854.85717240658
562500.0,23.92451481645753,-1190877737.081992,-7368.999540634136
563400.0,23.844340374989713,-1196929205.6400013,-6048.057469204929
564300.0,23.829349461762774,-1201747513.6951206,-4702.777159116781
565200.0,23.91216175211207,-1205673335.052335,-4138.39101724333
566100.0,23.959312643532996,-1209258426.026054,-3890.0586383109794
567000.0,24.002671107935782,-1212775774.4974153,-3971.341157369295
567900.0,24.046252976076858,-1216524438.0276155,-4390.45731511215
568800.0,24.086047669274762,-1220795499.0070367,-5113.703820249469
569700.0,24.05233376291619,-1225582499.2770464,-5471.417650285844
570600.0,23.979888557647087,-1230417678.6566885,-5209.644507724388
571500.0,23.942672908625184,-1234889711.789116,-4710.738052346911
572400.0,23.942413142238195,-1238918203.5220163,-4262.667491155829
573300.0,23.989428964812475,-1242723465.9207377,-4246.901051504595
574200.0,24.070661527764628,-1246819016.5057018,-4911.950006991336
575100.0,24.1038567455916,-1251624799.9046228,-5765.298047967896
576000.0,24.06872243629948,-1257059009.1054833,-6249.31290083275
576900.0,23.993723555934025,-1262648867.167039,-6095.16731834707
577800.0,23.95436252683976,-1267959551.1296237,-5683.842525712755
578700.0,23.90580505087405,-1272722839.7493966,-4883.9335560344025
579600.0,23.878590256868904,-1276670651.8136916,-3903.0894127852152
580500.0,23.88542473655798,-1279767834.6577086,-3024.7489446352533
581400.0,23.92156884426322,-1282210570.0151753,-2467.714704599628
582300.0,23.970163313464468,-1284330619.383047,-2304.691302048746
583200.0,24.010687874357245,-1286450344.6051962,-2444.5898496285304
584100.0,23.975733606688664,-1286450344.6051962,0.0
585000.0,23.953591134275484,-1286450344.6051962,0.0
585900.0,23.925530032629183,-1286450344.6051962,0.0
586800.0,23.897398772803797,-1286450344.6051962,0.0
587700.0,23.871942637129393,-1286450344.6051962,0.0
588600.0,23.848187138188905,-1286450344.6051962,0.0
589500.0,23.822452665018943,-1286450344.6051962,0.0
590400.0,23.797330164628022,-1286450344.6051962,0.0
591300.0,23.772907475381942,-1286450344.6051962,0.0
592200.0,23.748909930597392,-1286450344.6051962,0.0
593100.0,23.725181894114655,-1286450344.6051962,0.0
594000.0,23.70162430458811,-1286450344.6051962,0.0
594900.0,23.678190388821463,-1286450344.6051962,0.0
595800.0,23.651775948602904,-1286450344.6051962,0.0
596700.0,23.62555863208661,-1286450344.6051962,0.0
597600.0,23.59975893523267,-1286450344.6051962,0.0
598500.0,23.574174768323758,-1286450344.6051962,0.0
599400.0,23.548759584570064,-1286450344.6051962,0.0
600300.0,23.523467670712023,-1286450344.6051962,0.0
601200.0,23.498270954786108,-1286450344.6051962,0.0
602100.0,23.473151470720268,-1286450344.6051962,0.0
603000.0,23.44810035737953,-1286450344.6051962,0.0
603900.0,23.4231119122353,-1286450344.6051962,0.0
604800.0,23.395100536225073,-1286450344.6051962,0.0
